INSERT INTO TimeYear (TimeYearID, TimeYear) VALUES (0, 2014);
INSERT INTO TimeMonth (TimeMonthID, TimeMonth, TimeMonthName, TimeYearID) VALUES (0, 1, "January", 0);
INSERT INTO TimeDay (TimeDayID, TimeDay, TimeMonthID) VALUES (0, 1, 0);
INSERT INTO TimeDay (TimeDayID, TimeDay, TimeMonthID) VALUES (1, 2, 0);
INSERT INTO TimeDay (TimeDayID, TimeDay, TimeMonthID) VALUES (2, 3, 0);
INSERT INTO TimeDay (TimeDayID, TimeDay, TimeMonthID) VALUES (3, 4, 0);
INSERT INTO TimeDay (TimeDayID, TimeDay, TimeMonthID) VALUES (4, 5, 0);
INSERT INTO TimeDay (TimeDayID, TimeDay, TimeMonthID) VALUES (5, 6, 0);
INSERT INTO TimeDay (TimeDayID, TimeDay, TimeMonthID) VALUES (6, 7, 0);
INSERT INTO TimeDay (TimeDayID, TimeDay, TimeMonthID) VALUES (7, 8, 0);
INSERT INTO TimeDay (TimeDayID, TimeDay, TimeMonthID) VALUES (8, 9, 0);
INSERT INTO TimeDay (TimeDayID, TimeDay, TimeMonthID) VALUES (9, 10, 0);
INSERT INTO TimeDay (TimeDayID, TimeDay, TimeMonthID) VALUES (10, 11, 0);
INSERT INTO TimeDay (TimeDayID, TimeDay, TimeMonthID) VALUES (11, 12, 0);
INSERT INTO TimeDay (TimeDayID, TimeDay, TimeMonthID) VALUES (12, 13, 0);
INSERT INTO TimeDay (TimeDayID, TimeDay, TimeMonthID) VALUES (13, 14, 0);
INSERT INTO TimeDay (TimeDayID, TimeDay, TimeMonthID) VALUES (14, 15, 0);
INSERT INTO TimeDay (TimeDayID, TimeDay, TimeMonthID) VALUES (15, 16, 0);
INSERT INTO TimeDay (TimeDayID, TimeDay, TimeMonthID) VALUES (16, 17, 0);
INSERT INTO TimeDay (TimeDayID, TimeDay, TimeMonthID) VALUES (17, 18, 0);
INSERT INTO TimeDay (TimeDayID, TimeDay, TimeMonthID) VALUES (18, 19, 0);
INSERT INTO TimeDay (TimeDayID, TimeDay, TimeMonthID) VALUES (19, 20, 0);
INSERT INTO TimeDay (TimeDayID, TimeDay, TimeMonthID) VALUES (20, 21, 0);
INSERT INTO TimeDay (TimeDayID, TimeDay, TimeMonthID) VALUES (21, 22, 0);
INSERT INTO TimeDay (TimeDayID, TimeDay, TimeMonthID) VALUES (22, 23, 0);
INSERT INTO TimeDay (TimeDayID, TimeDay, TimeMonthID) VALUES (23, 24, 0);
INSERT INTO TimeDay (TimeDayID, TimeDay, TimeMonthID) VALUES (24, 25, 0);
INSERT INTO TimeDay (TimeDayID, TimeDay, TimeMonthID) VALUES (25, 26, 0);
INSERT INTO TimeDay (TimeDayID, TimeDay, TimeMonthID) VALUES (26, 27, 0);
INSERT INTO TimeDay (TimeDayID, TimeDay, TimeMonthID) VALUES (27, 28, 0);
INSERT INTO TimeDay (TimeDayID, TimeDay, TimeMonthID) VALUES (28, 29, 0);
INSERT INTO TimeDay (TimeDayID, TimeDay, TimeMonthID) VALUES (29, 30, 0);
INSERT INTO TimeDay (TimeDayID, TimeDay, TimeMonthID) VALUES (30, 31, 0);
INSERT INTO TimeMonth (TimeMonthID, TimeMonth, TimeMonthName, TimeYearID) VALUES (1, 2, "February", 0);
INSERT INTO TimeDay (TimeDayID, TimeDay, TimeMonthID) VALUES (31, 1, 1);
INSERT INTO TimeDay (TimeDayID, TimeDay, TimeMonthID) VALUES (32, 2, 1);
INSERT INTO TimeDay (TimeDayID, TimeDay, TimeMonthID) VALUES (33, 3, 1);
INSERT INTO TimeDay (TimeDayID, TimeDay, TimeMonthID) VALUES (34, 4, 1);
INSERT INTO TimeDay (TimeDayID, TimeDay, TimeMonthID) VALUES (35, 5, 1);
INSERT INTO TimeDay (TimeDayID, TimeDay, TimeMonthID) VALUES (36, 6, 1);
INSERT INTO TimeDay (TimeDayID, TimeDay, TimeMonthID) VALUES (37, 7, 1);
INSERT INTO TimeDay (TimeDayID, TimeDay, TimeMonthID) VALUES (38, 8, 1);
INSERT INTO TimeDay (TimeDayID, TimeDay, TimeMonthID) VALUES (39, 9, 1);
INSERT INTO TimeDay (TimeDayID, TimeDay, TimeMonthID) VALUES (40, 10, 1);
INSERT INTO TimeDay (TimeDayID, TimeDay, TimeMonthID) VALUES (41, 11, 1);
INSERT INTO TimeDay (TimeDayID, TimeDay, TimeMonthID) VALUES (42, 12, 1);
INSERT INTO TimeDay (TimeDayID, TimeDay, TimeMonthID) VALUES (43, 13, 1);
INSERT INTO TimeDay (TimeDayID, TimeDay, TimeMonthID) VALUES (44, 14, 1);
INSERT INTO TimeDay (TimeDayID, TimeDay, TimeMonthID) VALUES (45, 15, 1);
INSERT INTO TimeDay (TimeDayID, TimeDay, TimeMonthID) VALUES (46, 16, 1);
INSERT INTO TimeDay (TimeDayID, TimeDay, TimeMonthID) VALUES (47, 17, 1);
INSERT INTO TimeDay (TimeDayID, TimeDay, TimeMonthID) VALUES (48, 18, 1);
INSERT INTO TimeDay (TimeDayID, TimeDay, TimeMonthID) VALUES (49, 19, 1);
INSERT INTO TimeDay (TimeDayID, TimeDay, TimeMonthID) VALUES (50, 20, 1);
INSERT INTO TimeDay (TimeDayID, TimeDay, TimeMonthID) VALUES (51, 21, 1);
INSERT INTO TimeDay (TimeDayID, TimeDay, TimeMonthID) VALUES (52, 22, 1);
INSERT INTO TimeDay (TimeDayID, TimeDay, TimeMonthID) VALUES (53, 23, 1);
INSERT INTO TimeDay (TimeDayID, TimeDay, TimeMonthID) VALUES (54, 24, 1);
INSERT INTO TimeDay (TimeDayID, TimeDay, TimeMonthID) VALUES (55, 25, 1);
INSERT INTO TimeDay (TimeDayID, TimeDay, TimeMonthID) VALUES (56, 26, 1);
INSERT INTO TimeDay (TimeDayID, TimeDay, TimeMonthID) VALUES (57, 27, 1);
INSERT INTO TimeDay (TimeDayID, TimeDay, TimeMonthID) VALUES (58, 28, 1);
INSERT INTO TimeMonth (TimeMonthID, TimeMonth, TimeMonthName, TimeYearID) VALUES (2, 3, "March", 0);
INSERT INTO TimeDay (TimeDayID, TimeDay, TimeMonthID) VALUES (59, 1, 2);
INSERT INTO TimeDay (TimeDayID, TimeDay, TimeMonthID) VALUES (60, 2, 2);
INSERT INTO TimeDay (TimeDayID, TimeDay, TimeMonthID) VALUES (61, 3, 2);
INSERT INTO TimeDay (TimeDayID, TimeDay, TimeMonthID) VALUES (62, 4, 2);
INSERT INTO TimeDay (TimeDayID, TimeDay, TimeMonthID) VALUES (63, 5, 2);
INSERT INTO TimeDay (TimeDayID, TimeDay, TimeMonthID) VALUES (64, 6, 2);
INSERT INTO TimeDay (TimeDayID, TimeDay, TimeMonthID) VALUES (65, 7, 2);
INSERT INTO TimeDay (TimeDayID, TimeDay, TimeMonthID) VALUES (66, 8, 2);
INSERT INTO TimeDay (TimeDayID, TimeDay, TimeMonthID) VALUES (67, 9, 2);
INSERT INTO TimeDay (TimeDayID, TimeDay, TimeMonthID) VALUES (68, 10, 2);
INSERT INTO TimeDay (TimeDayID, TimeDay, TimeMonthID) VALUES (69, 11, 2);
INSERT INTO TimeDay (TimeDayID, TimeDay, TimeMonthID) VALUES (70, 12, 2);
INSERT INTO TimeDay (TimeDayID, TimeDay, TimeMonthID) VALUES (71, 13, 2);
INSERT INTO TimeDay (TimeDayID, TimeDay, TimeMonthID) VALUES (72, 14, 2);
INSERT INTO TimeDay (TimeDayID, TimeDay, TimeMonthID) VALUES (73, 15, 2);
INSERT INTO TimeDay (TimeDayID, TimeDay, TimeMonthID) VALUES (74, 16, 2);
INSERT INTO TimeDay (TimeDayID, TimeDay, TimeMonthID) VALUES (75, 17, 2);
INSERT INTO TimeDay (TimeDayID, TimeDay, TimeMonthID) VALUES (76, 18, 2);
INSERT INTO TimeDay (TimeDayID, TimeDay, TimeMonthID) VALUES (77, 19, 2);
INSERT INTO TimeDay (TimeDayID, TimeDay, TimeMonthID) VALUES (78, 20, 2);
INSERT INTO TimeDay (TimeDayID, TimeDay, TimeMonthID) VALUES (79, 21, 2);
INSERT INTO TimeDay (TimeDayID, TimeDay, TimeMonthID) VALUES (80, 22, 2);
INSERT INTO TimeDay (TimeDayID, TimeDay, TimeMonthID) VALUES (81, 23, 2);
INSERT INTO TimeDay (TimeDayID, TimeDay, TimeMonthID) VALUES (82, 24, 2);
INSERT INTO TimeDay (TimeDayID, TimeDay, TimeMonthID) VALUES (83, 25, 2);
INSERT INTO TimeDay (TimeDayID, TimeDay, TimeMonthID) VALUES (84, 26, 2);
INSERT INTO TimeDay (TimeDayID, TimeDay, TimeMonthID) VALUES (85, 27, 2);
INSERT INTO TimeDay (TimeDayID, TimeDay, TimeMonthID) VALUES (86, 28, 2);
INSERT INTO TimeDay (TimeDayID, TimeDay, TimeMonthID) VALUES (87, 29, 2);
INSERT INTO TimeDay (TimeDayID, TimeDay, TimeMonthID) VALUES (88, 30, 2);
INSERT INTO TimeDay (TimeDayID, TimeDay, TimeMonthID) VALUES (89, 31, 2);
INSERT INTO TimeMonth (TimeMonthID, TimeMonth, TimeMonthName, TimeYearID) VALUES (3, 4, "April", 0);
INSERT INTO TimeDay (TimeDayID, TimeDay, TimeMonthID) VALUES (90, 1, 3);
INSERT INTO TimeDay (TimeDayID, TimeDay, TimeMonthID) VALUES (91, 2, 3);
INSERT INTO TimeDay (TimeDayID, TimeDay, TimeMonthID) VALUES (92, 3, 3);
INSERT INTO TimeDay (TimeDayID, TimeDay, TimeMonthID) VALUES (93, 4, 3);
INSERT INTO TimeDay (TimeDayID, TimeDay, TimeMonthID) VALUES (94, 5, 3);
INSERT INTO TimeDay (TimeDayID, TimeDay, TimeMonthID) VALUES (95, 6, 3);
INSERT INTO TimeDay (TimeDayID, TimeDay, TimeMonthID) VALUES (96, 7, 3);
INSERT INTO TimeDay (TimeDayID, TimeDay, TimeMonthID) VALUES (97, 8, 3);
INSERT INTO TimeDay (TimeDayID, TimeDay, TimeMonthID) VALUES (98, 9, 3);
INSERT INTO TimeDay (TimeDayID, TimeDay, TimeMonthID) VALUES (99, 10, 3);
INSERT INTO TimeDay (TimeDayID, TimeDay, TimeMonthID) VALUES (100, 11, 3);
INSERT INTO TimeDay (TimeDayID, TimeDay, TimeMonthID) VALUES (101, 12, 3);
INSERT INTO TimeDay (TimeDayID, TimeDay, TimeMonthID) VALUES (102, 13, 3);
INSERT INTO TimeDay (TimeDayID, TimeDay, TimeMonthID) VALUES (103, 14, 3);
INSERT INTO TimeDay (TimeDayID, TimeDay, TimeMonthID) VALUES (104, 15, 3);
INSERT INTO TimeDay (TimeDayID, TimeDay, TimeMonthID) VALUES (105, 16, 3);
INSERT INTO TimeDay (TimeDayID, TimeDay, TimeMonthID) VALUES (106, 17, 3);
INSERT INTO TimeDay (TimeDayID, TimeDay, TimeMonthID) VALUES (107, 18, 3);
INSERT INTO TimeDay (TimeDayID, TimeDay, TimeMonthID) VALUES (108, 19, 3);
INSERT INTO TimeDay (TimeDayID, TimeDay, TimeMonthID) VALUES (109, 20, 3);
INSERT INTO TimeDay (TimeDayID, TimeDay, TimeMonthID) VALUES (110, 21, 3);
INSERT INTO TimeDay (TimeDayID, TimeDay, TimeMonthID) VALUES (111, 22, 3);
INSERT INTO TimeDay (TimeDayID, TimeDay, TimeMonthID) VALUES (112, 23, 3);
INSERT INTO TimeDay (TimeDayID, TimeDay, TimeMonthID) VALUES (113, 24, 3);
INSERT INTO TimeDay (TimeDayID, TimeDay, TimeMonthID) VALUES (114, 25, 3);
INSERT INTO TimeDay (TimeDayID, TimeDay, TimeMonthID) VALUES (115, 26, 3);
INSERT INTO TimeDay (TimeDayID, TimeDay, TimeMonthID) VALUES (116, 27, 3);
INSERT INTO TimeDay (TimeDayID, TimeDay, TimeMonthID) VALUES (117, 28, 3);
INSERT INTO TimeDay (TimeDayID, TimeDay, TimeMonthID) VALUES (118, 29, 3);
INSERT INTO TimeDay (TimeDayID, TimeDay, TimeMonthID) VALUES (119, 30, 3);
INSERT INTO TimeMonth (TimeMonthID, TimeMonth, TimeMonthName, TimeYearID) VALUES (4, 5, "May", 0);
INSERT INTO TimeDay (TimeDayID, TimeDay, TimeMonthID) VALUES (120, 1, 4);
INSERT INTO TimeDay (TimeDayID, TimeDay, TimeMonthID) VALUES (121, 2, 4);
INSERT INTO TimeDay (TimeDayID, TimeDay, TimeMonthID) VALUES (122, 3, 4);
INSERT INTO TimeDay (TimeDayID, TimeDay, TimeMonthID) VALUES (123, 4, 4);
INSERT INTO TimeDay (TimeDayID, TimeDay, TimeMonthID) VALUES (124, 5, 4);
INSERT INTO TimeDay (TimeDayID, TimeDay, TimeMonthID) VALUES (125, 6, 4);
INSERT INTO TimeDay (TimeDayID, TimeDay, TimeMonthID) VALUES (126, 7, 4);
INSERT INTO TimeDay (TimeDayID, TimeDay, TimeMonthID) VALUES (127, 8, 4);
INSERT INTO TimeDay (TimeDayID, TimeDay, TimeMonthID) VALUES (128, 9, 4);
INSERT INTO TimeDay (TimeDayID, TimeDay, TimeMonthID) VALUES (129, 10, 4);
INSERT INTO TimeDay (TimeDayID, TimeDay, TimeMonthID) VALUES (130, 11, 4);
INSERT INTO TimeDay (TimeDayID, TimeDay, TimeMonthID) VALUES (131, 12, 4);
INSERT INTO TimeDay (TimeDayID, TimeDay, TimeMonthID) VALUES (132, 13, 4);
INSERT INTO TimeDay (TimeDayID, TimeDay, TimeMonthID) VALUES (133, 14, 4);
INSERT INTO TimeDay (TimeDayID, TimeDay, TimeMonthID) VALUES (134, 15, 4);
INSERT INTO TimeDay (TimeDayID, TimeDay, TimeMonthID) VALUES (135, 16, 4);
INSERT INTO TimeDay (TimeDayID, TimeDay, TimeMonthID) VALUES (136, 17, 4);
INSERT INTO TimeDay (TimeDayID, TimeDay, TimeMonthID) VALUES (137, 18, 4);
INSERT INTO TimeDay (TimeDayID, TimeDay, TimeMonthID) VALUES (138, 19, 4);
INSERT INTO TimeDay (TimeDayID, TimeDay, TimeMonthID) VALUES (139, 20, 4);
INSERT INTO TimeDay (TimeDayID, TimeDay, TimeMonthID) VALUES (140, 21, 4);
INSERT INTO TimeDay (TimeDayID, TimeDay, TimeMonthID) VALUES (141, 22, 4);
INSERT INTO TimeDay (TimeDayID, TimeDay, TimeMonthID) VALUES (142, 23, 4);
INSERT INTO TimeDay (TimeDayID, TimeDay, TimeMonthID) VALUES (143, 24, 4);
INSERT INTO TimeDay (TimeDayID, TimeDay, TimeMonthID) VALUES (144, 25, 4);
INSERT INTO TimeDay (TimeDayID, TimeDay, TimeMonthID) VALUES (145, 26, 4);
INSERT INTO TimeDay (TimeDayID, TimeDay, TimeMonthID) VALUES (146, 27, 4);
INSERT INTO TimeDay (TimeDayID, TimeDay, TimeMonthID) VALUES (147, 28, 4);
INSERT INTO TimeDay (TimeDayID, TimeDay, TimeMonthID) VALUES (148, 29, 4);
INSERT INTO TimeDay (TimeDayID, TimeDay, TimeMonthID) VALUES (149, 30, 4);
INSERT INTO TimeDay (TimeDayID, TimeDay, TimeMonthID) VALUES (150, 31, 4);
INSERT INTO TimeMonth (TimeMonthID, TimeMonth, TimeMonthName, TimeYearID) VALUES (5, 6, "June", 0);
INSERT INTO TimeDay (TimeDayID, TimeDay, TimeMonthID) VALUES (151, 1, 5);
INSERT INTO TimeDay (TimeDayID, TimeDay, TimeMonthID) VALUES (152, 2, 5);
INSERT INTO TimeDay (TimeDayID, TimeDay, TimeMonthID) VALUES (153, 3, 5);
INSERT INTO TimeDay (TimeDayID, TimeDay, TimeMonthID) VALUES (154, 4, 5);
INSERT INTO TimeDay (TimeDayID, TimeDay, TimeMonthID) VALUES (155, 5, 5);
INSERT INTO TimeDay (TimeDayID, TimeDay, TimeMonthID) VALUES (156, 6, 5);
INSERT INTO TimeDay (TimeDayID, TimeDay, TimeMonthID) VALUES (157, 7, 5);
INSERT INTO TimeDay (TimeDayID, TimeDay, TimeMonthID) VALUES (158, 8, 5);
INSERT INTO TimeDay (TimeDayID, TimeDay, TimeMonthID) VALUES (159, 9, 5);
INSERT INTO TimeDay (TimeDayID, TimeDay, TimeMonthID) VALUES (160, 10, 5);
INSERT INTO TimeDay (TimeDayID, TimeDay, TimeMonthID) VALUES (161, 11, 5);
INSERT INTO TimeDay (TimeDayID, TimeDay, TimeMonthID) VALUES (162, 12, 5);
INSERT INTO TimeDay (TimeDayID, TimeDay, TimeMonthID) VALUES (163, 13, 5);
INSERT INTO TimeDay (TimeDayID, TimeDay, TimeMonthID) VALUES (164, 14, 5);
INSERT INTO TimeDay (TimeDayID, TimeDay, TimeMonthID) VALUES (165, 15, 5);
INSERT INTO TimeDay (TimeDayID, TimeDay, TimeMonthID) VALUES (166, 16, 5);
INSERT INTO TimeDay (TimeDayID, TimeDay, TimeMonthID) VALUES (167, 17, 5);
INSERT INTO TimeDay (TimeDayID, TimeDay, TimeMonthID) VALUES (168, 18, 5);
INSERT INTO TimeDay (TimeDayID, TimeDay, TimeMonthID) VALUES (169, 19, 5);
INSERT INTO TimeDay (TimeDayID, TimeDay, TimeMonthID) VALUES (170, 20, 5);
INSERT INTO TimeDay (TimeDayID, TimeDay, TimeMonthID) VALUES (171, 21, 5);
INSERT INTO TimeDay (TimeDayID, TimeDay, TimeMonthID) VALUES (172, 22, 5);
INSERT INTO TimeDay (TimeDayID, TimeDay, TimeMonthID) VALUES (173, 23, 5);
INSERT INTO TimeDay (TimeDayID, TimeDay, TimeMonthID) VALUES (174, 24, 5);
INSERT INTO TimeDay (TimeDayID, TimeDay, TimeMonthID) VALUES (175, 25, 5);
INSERT INTO TimeDay (TimeDayID, TimeDay, TimeMonthID) VALUES (176, 26, 5);
INSERT INTO TimeDay (TimeDayID, TimeDay, TimeMonthID) VALUES (177, 27, 5);
INSERT INTO TimeDay (TimeDayID, TimeDay, TimeMonthID) VALUES (178, 28, 5);
INSERT INTO TimeDay (TimeDayID, TimeDay, TimeMonthID) VALUES (179, 29, 5);
INSERT INTO TimeDay (TimeDayID, TimeDay, TimeMonthID) VALUES (180, 30, 5);
INSERT INTO TimeMonth (TimeMonthID, TimeMonth, TimeMonthName, TimeYearID) VALUES (6, 7, "July", 0);
INSERT INTO TimeDay (TimeDayID, TimeDay, TimeMonthID) VALUES (181, 1, 6);
INSERT INTO TimeDay (TimeDayID, TimeDay, TimeMonthID) VALUES (182, 2, 6);
INSERT INTO TimeDay (TimeDayID, TimeDay, TimeMonthID) VALUES (183, 3, 6);
INSERT INTO TimeDay (TimeDayID, TimeDay, TimeMonthID) VALUES (184, 4, 6);
INSERT INTO TimeDay (TimeDayID, TimeDay, TimeMonthID) VALUES (185, 5, 6);
INSERT INTO TimeDay (TimeDayID, TimeDay, TimeMonthID) VALUES (186, 6, 6);
INSERT INTO TimeDay (TimeDayID, TimeDay, TimeMonthID) VALUES (187, 7, 6);
INSERT INTO TimeDay (TimeDayID, TimeDay, TimeMonthID) VALUES (188, 8, 6);
INSERT INTO TimeDay (TimeDayID, TimeDay, TimeMonthID) VALUES (189, 9, 6);
INSERT INTO TimeDay (TimeDayID, TimeDay, TimeMonthID) VALUES (190, 10, 6);
INSERT INTO TimeDay (TimeDayID, TimeDay, TimeMonthID) VALUES (191, 11, 6);
INSERT INTO TimeDay (TimeDayID, TimeDay, TimeMonthID) VALUES (192, 12, 6);
INSERT INTO TimeDay (TimeDayID, TimeDay, TimeMonthID) VALUES (193, 13, 6);
INSERT INTO TimeDay (TimeDayID, TimeDay, TimeMonthID) VALUES (194, 14, 6);
INSERT INTO TimeDay (TimeDayID, TimeDay, TimeMonthID) VALUES (195, 15, 6);
INSERT INTO TimeDay (TimeDayID, TimeDay, TimeMonthID) VALUES (196, 16, 6);
INSERT INTO TimeDay (TimeDayID, TimeDay, TimeMonthID) VALUES (197, 17, 6);
INSERT INTO TimeDay (TimeDayID, TimeDay, TimeMonthID) VALUES (198, 18, 6);
INSERT INTO TimeDay (TimeDayID, TimeDay, TimeMonthID) VALUES (199, 19, 6);
INSERT INTO TimeDay (TimeDayID, TimeDay, TimeMonthID) VALUES (200, 20, 6);
INSERT INTO TimeDay (TimeDayID, TimeDay, TimeMonthID) VALUES (201, 21, 6);
INSERT INTO TimeDay (TimeDayID, TimeDay, TimeMonthID) VALUES (202, 22, 6);
INSERT INTO TimeDay (TimeDayID, TimeDay, TimeMonthID) VALUES (203, 23, 6);
INSERT INTO TimeDay (TimeDayID, TimeDay, TimeMonthID) VALUES (204, 24, 6);
INSERT INTO TimeDay (TimeDayID, TimeDay, TimeMonthID) VALUES (205, 25, 6);
INSERT INTO TimeDay (TimeDayID, TimeDay, TimeMonthID) VALUES (206, 26, 6);
INSERT INTO TimeDay (TimeDayID, TimeDay, TimeMonthID) VALUES (207, 27, 6);
INSERT INTO TimeDay (TimeDayID, TimeDay, TimeMonthID) VALUES (208, 28, 6);
INSERT INTO TimeDay (TimeDayID, TimeDay, TimeMonthID) VALUES (209, 29, 6);
INSERT INTO TimeDay (TimeDayID, TimeDay, TimeMonthID) VALUES (210, 30, 6);
INSERT INTO TimeDay (TimeDayID, TimeDay, TimeMonthID) VALUES (211, 31, 6);
INSERT INTO TimeMonth (TimeMonthID, TimeMonth, TimeMonthName, TimeYearID) VALUES (7, 8, "August", 0);
INSERT INTO TimeDay (TimeDayID, TimeDay, TimeMonthID) VALUES (212, 1, 7);
INSERT INTO TimeDay (TimeDayID, TimeDay, TimeMonthID) VALUES (213, 2, 7);
INSERT INTO TimeDay (TimeDayID, TimeDay, TimeMonthID) VALUES (214, 3, 7);
INSERT INTO TimeDay (TimeDayID, TimeDay, TimeMonthID) VALUES (215, 4, 7);
INSERT INTO TimeDay (TimeDayID, TimeDay, TimeMonthID) VALUES (216, 5, 7);
INSERT INTO TimeDay (TimeDayID, TimeDay, TimeMonthID) VALUES (217, 6, 7);
INSERT INTO TimeDay (TimeDayID, TimeDay, TimeMonthID) VALUES (218, 7, 7);
INSERT INTO TimeDay (TimeDayID, TimeDay, TimeMonthID) VALUES (219, 8, 7);
INSERT INTO TimeDay (TimeDayID, TimeDay, TimeMonthID) VALUES (220, 9, 7);
INSERT INTO TimeDay (TimeDayID, TimeDay, TimeMonthID) VALUES (221, 10, 7);
INSERT INTO TimeDay (TimeDayID, TimeDay, TimeMonthID) VALUES (222, 11, 7);
INSERT INTO TimeDay (TimeDayID, TimeDay, TimeMonthID) VALUES (223, 12, 7);
INSERT INTO TimeDay (TimeDayID, TimeDay, TimeMonthID) VALUES (224, 13, 7);
INSERT INTO TimeDay (TimeDayID, TimeDay, TimeMonthID) VALUES (225, 14, 7);
INSERT INTO TimeDay (TimeDayID, TimeDay, TimeMonthID) VALUES (226, 15, 7);
INSERT INTO TimeDay (TimeDayID, TimeDay, TimeMonthID) VALUES (227, 16, 7);
INSERT INTO TimeDay (TimeDayID, TimeDay, TimeMonthID) VALUES (228, 17, 7);
INSERT INTO TimeDay (TimeDayID, TimeDay, TimeMonthID) VALUES (229, 18, 7);
INSERT INTO TimeDay (TimeDayID, TimeDay, TimeMonthID) VALUES (230, 19, 7);
INSERT INTO TimeDay (TimeDayID, TimeDay, TimeMonthID) VALUES (231, 20, 7);
INSERT INTO TimeDay (TimeDayID, TimeDay, TimeMonthID) VALUES (232, 21, 7);
INSERT INTO TimeDay (TimeDayID, TimeDay, TimeMonthID) VALUES (233, 22, 7);
INSERT INTO TimeDay (TimeDayID, TimeDay, TimeMonthID) VALUES (234, 23, 7);
INSERT INTO TimeDay (TimeDayID, TimeDay, TimeMonthID) VALUES (235, 24, 7);
INSERT INTO TimeDay (TimeDayID, TimeDay, TimeMonthID) VALUES (236, 25, 7);
INSERT INTO TimeDay (TimeDayID, TimeDay, TimeMonthID) VALUES (237, 26, 7);
INSERT INTO TimeDay (TimeDayID, TimeDay, TimeMonthID) VALUES (238, 27, 7);
INSERT INTO TimeDay (TimeDayID, TimeDay, TimeMonthID) VALUES (239, 28, 7);
INSERT INTO TimeDay (TimeDayID, TimeDay, TimeMonthID) VALUES (240, 29, 7);
INSERT INTO TimeDay (TimeDayID, TimeDay, TimeMonthID) VALUES (241, 30, 7);
INSERT INTO TimeDay (TimeDayID, TimeDay, TimeMonthID) VALUES (242, 31, 7);
INSERT INTO TimeMonth (TimeMonthID, TimeMonth, TimeMonthName, TimeYearID) VALUES (8, 9, "September", 0);
INSERT INTO TimeDay (TimeDayID, TimeDay, TimeMonthID) VALUES (243, 1, 8);
INSERT INTO TimeDay (TimeDayID, TimeDay, TimeMonthID) VALUES (244, 2, 8);
INSERT INTO TimeDay (TimeDayID, TimeDay, TimeMonthID) VALUES (245, 3, 8);
INSERT INTO TimeDay (TimeDayID, TimeDay, TimeMonthID) VALUES (246, 4, 8);
INSERT INTO TimeDay (TimeDayID, TimeDay, TimeMonthID) VALUES (247, 5, 8);
INSERT INTO TimeDay (TimeDayID, TimeDay, TimeMonthID) VALUES (248, 6, 8);
INSERT INTO TimeDay (TimeDayID, TimeDay, TimeMonthID) VALUES (249, 7, 8);
INSERT INTO TimeDay (TimeDayID, TimeDay, TimeMonthID) VALUES (250, 8, 8);
INSERT INTO TimeDay (TimeDayID, TimeDay, TimeMonthID) VALUES (251, 9, 8);
INSERT INTO TimeDay (TimeDayID, TimeDay, TimeMonthID) VALUES (252, 10, 8);
INSERT INTO TimeDay (TimeDayID, TimeDay, TimeMonthID) VALUES (253, 11, 8);
INSERT INTO TimeDay (TimeDayID, TimeDay, TimeMonthID) VALUES (254, 12, 8);
INSERT INTO TimeDay (TimeDayID, TimeDay, TimeMonthID) VALUES (255, 13, 8);
INSERT INTO TimeDay (TimeDayID, TimeDay, TimeMonthID) VALUES (256, 14, 8);
INSERT INTO TimeDay (TimeDayID, TimeDay, TimeMonthID) VALUES (257, 15, 8);
INSERT INTO TimeDay (TimeDayID, TimeDay, TimeMonthID) VALUES (258, 16, 8);
INSERT INTO TimeDay (TimeDayID, TimeDay, TimeMonthID) VALUES (259, 17, 8);
INSERT INTO TimeDay (TimeDayID, TimeDay, TimeMonthID) VALUES (260, 18, 8);
INSERT INTO TimeDay (TimeDayID, TimeDay, TimeMonthID) VALUES (261, 19, 8);
INSERT INTO TimeDay (TimeDayID, TimeDay, TimeMonthID) VALUES (262, 20, 8);
INSERT INTO TimeDay (TimeDayID, TimeDay, TimeMonthID) VALUES (263, 21, 8);
INSERT INTO TimeDay (TimeDayID, TimeDay, TimeMonthID) VALUES (264, 22, 8);
INSERT INTO TimeDay (TimeDayID, TimeDay, TimeMonthID) VALUES (265, 23, 8);
INSERT INTO TimeDay (TimeDayID, TimeDay, TimeMonthID) VALUES (266, 24, 8);
INSERT INTO TimeDay (TimeDayID, TimeDay, TimeMonthID) VALUES (267, 25, 8);
INSERT INTO TimeDay (TimeDayID, TimeDay, TimeMonthID) VALUES (268, 26, 8);
INSERT INTO TimeDay (TimeDayID, TimeDay, TimeMonthID) VALUES (269, 27, 8);
INSERT INTO TimeDay (TimeDayID, TimeDay, TimeMonthID) VALUES (270, 28, 8);
INSERT INTO TimeDay (TimeDayID, TimeDay, TimeMonthID) VALUES (271, 29, 8);
INSERT INTO TimeDay (TimeDayID, TimeDay, TimeMonthID) VALUES (272, 30, 8);
INSERT INTO TimeMonth (TimeMonthID, TimeMonth, TimeMonthName, TimeYearID) VALUES (9, 10, "October", 0);
INSERT INTO TimeDay (TimeDayID, TimeDay, TimeMonthID) VALUES (273, 1, 9);
INSERT INTO TimeDay (TimeDayID, TimeDay, TimeMonthID) VALUES (274, 2, 9);
INSERT INTO TimeDay (TimeDayID, TimeDay, TimeMonthID) VALUES (275, 3, 9);
INSERT INTO TimeDay (TimeDayID, TimeDay, TimeMonthID) VALUES (276, 4, 9);
INSERT INTO TimeDay (TimeDayID, TimeDay, TimeMonthID) VALUES (277, 5, 9);
INSERT INTO TimeDay (TimeDayID, TimeDay, TimeMonthID) VALUES (278, 6, 9);
INSERT INTO TimeDay (TimeDayID, TimeDay, TimeMonthID) VALUES (279, 7, 9);
INSERT INTO TimeDay (TimeDayID, TimeDay, TimeMonthID) VALUES (280, 8, 9);
INSERT INTO TimeDay (TimeDayID, TimeDay, TimeMonthID) VALUES (281, 9, 9);
INSERT INTO TimeDay (TimeDayID, TimeDay, TimeMonthID) VALUES (282, 10, 9);
INSERT INTO TimeDay (TimeDayID, TimeDay, TimeMonthID) VALUES (283, 11, 9);
INSERT INTO TimeDay (TimeDayID, TimeDay, TimeMonthID) VALUES (284, 12, 9);
INSERT INTO TimeDay (TimeDayID, TimeDay, TimeMonthID) VALUES (285, 13, 9);
INSERT INTO TimeDay (TimeDayID, TimeDay, TimeMonthID) VALUES (286, 14, 9);
INSERT INTO TimeDay (TimeDayID, TimeDay, TimeMonthID) VALUES (287, 15, 9);
INSERT INTO TimeDay (TimeDayID, TimeDay, TimeMonthID) VALUES (288, 16, 9);
INSERT INTO TimeDay (TimeDayID, TimeDay, TimeMonthID) VALUES (289, 17, 9);
INSERT INTO TimeDay (TimeDayID, TimeDay, TimeMonthID) VALUES (290, 18, 9);
INSERT INTO TimeDay (TimeDayID, TimeDay, TimeMonthID) VALUES (291, 19, 9);
INSERT INTO TimeDay (TimeDayID, TimeDay, TimeMonthID) VALUES (292, 20, 9);
INSERT INTO TimeDay (TimeDayID, TimeDay, TimeMonthID) VALUES (293, 21, 9);
INSERT INTO TimeDay (TimeDayID, TimeDay, TimeMonthID) VALUES (294, 22, 9);
INSERT INTO TimeDay (TimeDayID, TimeDay, TimeMonthID) VALUES (295, 23, 9);
INSERT INTO TimeDay (TimeDayID, TimeDay, TimeMonthID) VALUES (296, 24, 9);
INSERT INTO TimeDay (TimeDayID, TimeDay, TimeMonthID) VALUES (297, 25, 9);
INSERT INTO TimeDay (TimeDayID, TimeDay, TimeMonthID) VALUES (298, 26, 9);
INSERT INTO TimeDay (TimeDayID, TimeDay, TimeMonthID) VALUES (299, 27, 9);
INSERT INTO TimeDay (TimeDayID, TimeDay, TimeMonthID) VALUES (300, 28, 9);
INSERT INTO TimeDay (TimeDayID, TimeDay, TimeMonthID) VALUES (301, 29, 9);
INSERT INTO TimeDay (TimeDayID, TimeDay, TimeMonthID) VALUES (302, 30, 9);
INSERT INTO TimeDay (TimeDayID, TimeDay, TimeMonthID) VALUES (303, 31, 9);
INSERT INTO TimeMonth (TimeMonthID, TimeMonth, TimeMonthName, TimeYearID) VALUES (10, 11, "November", 0);
INSERT INTO TimeDay (TimeDayID, TimeDay, TimeMonthID) VALUES (304, 1, 10);
INSERT INTO TimeDay (TimeDayID, TimeDay, TimeMonthID) VALUES (305, 2, 10);
INSERT INTO TimeDay (TimeDayID, TimeDay, TimeMonthID) VALUES (306, 3, 10);
INSERT INTO TimeDay (TimeDayID, TimeDay, TimeMonthID) VALUES (307, 4, 10);
INSERT INTO TimeDay (TimeDayID, TimeDay, TimeMonthID) VALUES (308, 5, 10);
INSERT INTO TimeDay (TimeDayID, TimeDay, TimeMonthID) VALUES (309, 6, 10);
INSERT INTO TimeDay (TimeDayID, TimeDay, TimeMonthID) VALUES (310, 7, 10);
INSERT INTO TimeDay (TimeDayID, TimeDay, TimeMonthID) VALUES (311, 8, 10);
INSERT INTO TimeDay (TimeDayID, TimeDay, TimeMonthID) VALUES (312, 9, 10);
INSERT INTO TimeDay (TimeDayID, TimeDay, TimeMonthID) VALUES (313, 10, 10);
INSERT INTO TimeDay (TimeDayID, TimeDay, TimeMonthID) VALUES (314, 11, 10);
INSERT INTO TimeDay (TimeDayID, TimeDay, TimeMonthID) VALUES (315, 12, 10);
INSERT INTO TimeDay (TimeDayID, TimeDay, TimeMonthID) VALUES (316, 13, 10);
INSERT INTO TimeDay (TimeDayID, TimeDay, TimeMonthID) VALUES (317, 14, 10);
INSERT INTO TimeDay (TimeDayID, TimeDay, TimeMonthID) VALUES (318, 15, 10);
INSERT INTO TimeDay (TimeDayID, TimeDay, TimeMonthID) VALUES (319, 16, 10);
INSERT INTO TimeDay (TimeDayID, TimeDay, TimeMonthID) VALUES (320, 17, 10);
INSERT INTO TimeDay (TimeDayID, TimeDay, TimeMonthID) VALUES (321, 18, 10);
INSERT INTO TimeDay (TimeDayID, TimeDay, TimeMonthID) VALUES (322, 19, 10);
INSERT INTO TimeDay (TimeDayID, TimeDay, TimeMonthID) VALUES (323, 20, 10);
INSERT INTO TimeDay (TimeDayID, TimeDay, TimeMonthID) VALUES (324, 21, 10);
INSERT INTO TimeDay (TimeDayID, TimeDay, TimeMonthID) VALUES (325, 22, 10);
INSERT INTO TimeDay (TimeDayID, TimeDay, TimeMonthID) VALUES (326, 23, 10);
INSERT INTO TimeDay (TimeDayID, TimeDay, TimeMonthID) VALUES (327, 24, 10);
INSERT INTO TimeDay (TimeDayID, TimeDay, TimeMonthID) VALUES (328, 25, 10);
INSERT INTO TimeDay (TimeDayID, TimeDay, TimeMonthID) VALUES (329, 26, 10);
INSERT INTO TimeDay (TimeDayID, TimeDay, TimeMonthID) VALUES (330, 27, 10);
INSERT INTO TimeDay (TimeDayID, TimeDay, TimeMonthID) VALUES (331, 28, 10);
INSERT INTO TimeDay (TimeDayID, TimeDay, TimeMonthID) VALUES (332, 29, 10);
INSERT INTO TimeDay (TimeDayID, TimeDay, TimeMonthID) VALUES (333, 30, 10);
INSERT INTO TimeMonth (TimeMonthID, TimeMonth, TimeMonthName, TimeYearID) VALUES (11, 12, "December", 0);
INSERT INTO TimeDay (TimeDayID, TimeDay, TimeMonthID) VALUES (334, 1, 11);
INSERT INTO TimeDay (TimeDayID, TimeDay, TimeMonthID) VALUES (335, 2, 11);
INSERT INTO TimeDay (TimeDayID, TimeDay, TimeMonthID) VALUES (336, 3, 11);
INSERT INTO TimeDay (TimeDayID, TimeDay, TimeMonthID) VALUES (337, 4, 11);
INSERT INTO TimeDay (TimeDayID, TimeDay, TimeMonthID) VALUES (338, 5, 11);
INSERT INTO TimeDay (TimeDayID, TimeDay, TimeMonthID) VALUES (339, 6, 11);
INSERT INTO TimeDay (TimeDayID, TimeDay, TimeMonthID) VALUES (340, 7, 11);
INSERT INTO TimeDay (TimeDayID, TimeDay, TimeMonthID) VALUES (341, 8, 11);
INSERT INTO TimeDay (TimeDayID, TimeDay, TimeMonthID) VALUES (342, 9, 11);
INSERT INTO TimeDay (TimeDayID, TimeDay, TimeMonthID) VALUES (343, 10, 11);
INSERT INTO TimeDay (TimeDayID, TimeDay, TimeMonthID) VALUES (344, 11, 11);
INSERT INTO TimeDay (TimeDayID, TimeDay, TimeMonthID) VALUES (345, 12, 11);
INSERT INTO TimeDay (TimeDayID, TimeDay, TimeMonthID) VALUES (346, 13, 11);
INSERT INTO TimeDay (TimeDayID, TimeDay, TimeMonthID) VALUES (347, 14, 11);
INSERT INTO TimeDay (TimeDayID, TimeDay, TimeMonthID) VALUES (348, 15, 11);
INSERT INTO TimeDay (TimeDayID, TimeDay, TimeMonthID) VALUES (349, 16, 11);
INSERT INTO TimeDay (TimeDayID, TimeDay, TimeMonthID) VALUES (350, 17, 11);
INSERT INTO TimeDay (TimeDayID, TimeDay, TimeMonthID) VALUES (351, 18, 11);
INSERT INTO TimeDay (TimeDayID, TimeDay, TimeMonthID) VALUES (352, 19, 11);
INSERT INTO TimeDay (TimeDayID, TimeDay, TimeMonthID) VALUES (353, 20, 11);
INSERT INTO TimeDay (TimeDayID, TimeDay, TimeMonthID) VALUES (354, 21, 11);
INSERT INTO TimeDay (TimeDayID, TimeDay, TimeMonthID) VALUES (355, 22, 11);
INSERT INTO TimeDay (TimeDayID, TimeDay, TimeMonthID) VALUES (356, 23, 11);
INSERT INTO TimeDay (TimeDayID, TimeDay, TimeMonthID) VALUES (357, 24, 11);
INSERT INTO TimeDay (TimeDayID, TimeDay, TimeMonthID) VALUES (358, 25, 11);
INSERT INTO TimeDay (TimeDayID, TimeDay, TimeMonthID) VALUES (359, 26, 11);
INSERT INTO TimeDay (TimeDayID, TimeDay, TimeMonthID) VALUES (360, 27, 11);
INSERT INTO TimeDay (TimeDayID, TimeDay, TimeMonthID) VALUES (361, 28, 11);
INSERT INTO TimeDay (TimeDayID, TimeDay, TimeMonthID) VALUES (362, 29, 11);
INSERT INTO TimeDay (TimeDayID, TimeDay, TimeMonthID) VALUES (363, 30, 11);
INSERT INTO TimeDay (TimeDayID, TimeDay, TimeMonthID) VALUES (364, 31, 11);
INSERT INTO TimeYear (TimeYearID, TimeYear) VALUES (1, 2015);
INSERT INTO TimeMonth (TimeMonthID, TimeMonth, TimeMonthName, TimeYearID) VALUES (12, 1, "January", 1);
INSERT INTO TimeDay (TimeDayID, TimeDay, TimeMonthID) VALUES (365, 1, 12);
INSERT INTO TimeDay (TimeDayID, TimeDay, TimeMonthID) VALUES (366, 2, 12);
INSERT INTO TimeDay (TimeDayID, TimeDay, TimeMonthID) VALUES (367, 3, 12);
INSERT INTO TimeDay (TimeDayID, TimeDay, TimeMonthID) VALUES (368, 4, 12);
INSERT INTO TimeDay (TimeDayID, TimeDay, TimeMonthID) VALUES (369, 5, 12);
INSERT INTO TimeDay (TimeDayID, TimeDay, TimeMonthID) VALUES (370, 6, 12);
INSERT INTO TimeDay (TimeDayID, TimeDay, TimeMonthID) VALUES (371, 7, 12);
INSERT INTO TimeDay (TimeDayID, TimeDay, TimeMonthID) VALUES (372, 8, 12);
INSERT INTO TimeDay (TimeDayID, TimeDay, TimeMonthID) VALUES (373, 9, 12);
INSERT INTO TimeDay (TimeDayID, TimeDay, TimeMonthID) VALUES (374, 10, 12);
INSERT INTO TimeDay (TimeDayID, TimeDay, TimeMonthID) VALUES (375, 11, 12);
INSERT INTO TimeDay (TimeDayID, TimeDay, TimeMonthID) VALUES (376, 12, 12);
INSERT INTO TimeDay (TimeDayID, TimeDay, TimeMonthID) VALUES (377, 13, 12);
INSERT INTO TimeDay (TimeDayID, TimeDay, TimeMonthID) VALUES (378, 14, 12);
INSERT INTO TimeDay (TimeDayID, TimeDay, TimeMonthID) VALUES (379, 15, 12);
INSERT INTO TimeDay (TimeDayID, TimeDay, TimeMonthID) VALUES (380, 16, 12);
INSERT INTO TimeDay (TimeDayID, TimeDay, TimeMonthID) VALUES (381, 17, 12);
INSERT INTO TimeDay (TimeDayID, TimeDay, TimeMonthID) VALUES (382, 18, 12);
INSERT INTO TimeDay (TimeDayID, TimeDay, TimeMonthID) VALUES (383, 19, 12);
INSERT INTO TimeDay (TimeDayID, TimeDay, TimeMonthID) VALUES (384, 20, 12);
INSERT INTO TimeDay (TimeDayID, TimeDay, TimeMonthID) VALUES (385, 21, 12);
INSERT INTO TimeDay (TimeDayID, TimeDay, TimeMonthID) VALUES (386, 22, 12);
INSERT INTO TimeDay (TimeDayID, TimeDay, TimeMonthID) VALUES (387, 23, 12);
INSERT INTO TimeDay (TimeDayID, TimeDay, TimeMonthID) VALUES (388, 24, 12);
INSERT INTO TimeDay (TimeDayID, TimeDay, TimeMonthID) VALUES (389, 25, 12);
INSERT INTO TimeDay (TimeDayID, TimeDay, TimeMonthID) VALUES (390, 26, 12);
INSERT INTO TimeDay (TimeDayID, TimeDay, TimeMonthID) VALUES (391, 27, 12);
INSERT INTO TimeDay (TimeDayID, TimeDay, TimeMonthID) VALUES (392, 28, 12);
INSERT INTO TimeDay (TimeDayID, TimeDay, TimeMonthID) VALUES (393, 29, 12);
INSERT INTO TimeDay (TimeDayID, TimeDay, TimeMonthID) VALUES (394, 30, 12);
INSERT INTO TimeDay (TimeDayID, TimeDay, TimeMonthID) VALUES (395, 31, 12);
INSERT INTO TimeMonth (TimeMonthID, TimeMonth, TimeMonthName, TimeYearID) VALUES (13, 2, "February", 1);
INSERT INTO TimeDay (TimeDayID, TimeDay, TimeMonthID) VALUES (396, 1, 13);
INSERT INTO TimeDay (TimeDayID, TimeDay, TimeMonthID) VALUES (397, 2, 13);
INSERT INTO TimeDay (TimeDayID, TimeDay, TimeMonthID) VALUES (398, 3, 13);
INSERT INTO TimeDay (TimeDayID, TimeDay, TimeMonthID) VALUES (399, 4, 13);
INSERT INTO TimeDay (TimeDayID, TimeDay, TimeMonthID) VALUES (400, 5, 13);
INSERT INTO TimeDay (TimeDayID, TimeDay, TimeMonthID) VALUES (401, 6, 13);
INSERT INTO TimeDay (TimeDayID, TimeDay, TimeMonthID) VALUES (402, 7, 13);
INSERT INTO TimeDay (TimeDayID, TimeDay, TimeMonthID) VALUES (403, 8, 13);
INSERT INTO TimeDay (TimeDayID, TimeDay, TimeMonthID) VALUES (404, 9, 13);
INSERT INTO TimeDay (TimeDayID, TimeDay, TimeMonthID) VALUES (405, 10, 13);
INSERT INTO TimeDay (TimeDayID, TimeDay, TimeMonthID) VALUES (406, 11, 13);
INSERT INTO TimeDay (TimeDayID, TimeDay, TimeMonthID) VALUES (407, 12, 13);
INSERT INTO TimeDay (TimeDayID, TimeDay, TimeMonthID) VALUES (408, 13, 13);
INSERT INTO TimeDay (TimeDayID, TimeDay, TimeMonthID) VALUES (409, 14, 13);
INSERT INTO TimeDay (TimeDayID, TimeDay, TimeMonthID) VALUES (410, 15, 13);
INSERT INTO TimeDay (TimeDayID, TimeDay, TimeMonthID) VALUES (411, 16, 13);
INSERT INTO TimeDay (TimeDayID, TimeDay, TimeMonthID) VALUES (412, 17, 13);
INSERT INTO TimeDay (TimeDayID, TimeDay, TimeMonthID) VALUES (413, 18, 13);
INSERT INTO TimeDay (TimeDayID, TimeDay, TimeMonthID) VALUES (414, 19, 13);
INSERT INTO TimeDay (TimeDayID, TimeDay, TimeMonthID) VALUES (415, 20, 13);
INSERT INTO TimeDay (TimeDayID, TimeDay, TimeMonthID) VALUES (416, 21, 13);
INSERT INTO TimeDay (TimeDayID, TimeDay, TimeMonthID) VALUES (417, 22, 13);
INSERT INTO TimeDay (TimeDayID, TimeDay, TimeMonthID) VALUES (418, 23, 13);
INSERT INTO TimeDay (TimeDayID, TimeDay, TimeMonthID) VALUES (419, 24, 13);
INSERT INTO TimeDay (TimeDayID, TimeDay, TimeMonthID) VALUES (420, 25, 13);
INSERT INTO TimeDay (TimeDayID, TimeDay, TimeMonthID) VALUES (421, 26, 13);
INSERT INTO TimeDay (TimeDayID, TimeDay, TimeMonthID) VALUES (422, 27, 13);
INSERT INTO TimeDay (TimeDayID, TimeDay, TimeMonthID) VALUES (423, 28, 13);
INSERT INTO TimeMonth (TimeMonthID, TimeMonth, TimeMonthName, TimeYearID) VALUES (14, 3, "March", 1);
INSERT INTO TimeDay (TimeDayID, TimeDay, TimeMonthID) VALUES (424, 1, 14);
INSERT INTO TimeDay (TimeDayID, TimeDay, TimeMonthID) VALUES (425, 2, 14);
INSERT INTO TimeDay (TimeDayID, TimeDay, TimeMonthID) VALUES (426, 3, 14);
INSERT INTO TimeDay (TimeDayID, TimeDay, TimeMonthID) VALUES (427, 4, 14);
INSERT INTO TimeDay (TimeDayID, TimeDay, TimeMonthID) VALUES (428, 5, 14);
INSERT INTO TimeDay (TimeDayID, TimeDay, TimeMonthID) VALUES (429, 6, 14);
INSERT INTO TimeDay (TimeDayID, TimeDay, TimeMonthID) VALUES (430, 7, 14);
INSERT INTO TimeDay (TimeDayID, TimeDay, TimeMonthID) VALUES (431, 8, 14);
INSERT INTO TimeDay (TimeDayID, TimeDay, TimeMonthID) VALUES (432, 9, 14);
INSERT INTO TimeDay (TimeDayID, TimeDay, TimeMonthID) VALUES (433, 10, 14);
INSERT INTO TimeDay (TimeDayID, TimeDay, TimeMonthID) VALUES (434, 11, 14);
INSERT INTO TimeDay (TimeDayID, TimeDay, TimeMonthID) VALUES (435, 12, 14);
INSERT INTO TimeDay (TimeDayID, TimeDay, TimeMonthID) VALUES (436, 13, 14);
INSERT INTO TimeDay (TimeDayID, TimeDay, TimeMonthID) VALUES (437, 14, 14);
INSERT INTO TimeDay (TimeDayID, TimeDay, TimeMonthID) VALUES (438, 15, 14);
INSERT INTO TimeDay (TimeDayID, TimeDay, TimeMonthID) VALUES (439, 16, 14);
INSERT INTO TimeDay (TimeDayID, TimeDay, TimeMonthID) VALUES (440, 17, 14);
INSERT INTO TimeDay (TimeDayID, TimeDay, TimeMonthID) VALUES (441, 18, 14);
INSERT INTO TimeDay (TimeDayID, TimeDay, TimeMonthID) VALUES (442, 19, 14);
INSERT INTO TimeDay (TimeDayID, TimeDay, TimeMonthID) VALUES (443, 20, 14);
INSERT INTO TimeDay (TimeDayID, TimeDay, TimeMonthID) VALUES (444, 21, 14);
INSERT INTO TimeDay (TimeDayID, TimeDay, TimeMonthID) VALUES (445, 22, 14);
INSERT INTO TimeDay (TimeDayID, TimeDay, TimeMonthID) VALUES (446, 23, 14);
INSERT INTO TimeDay (TimeDayID, TimeDay, TimeMonthID) VALUES (447, 24, 14);
INSERT INTO TimeDay (TimeDayID, TimeDay, TimeMonthID) VALUES (448, 25, 14);
INSERT INTO TimeDay (TimeDayID, TimeDay, TimeMonthID) VALUES (449, 26, 14);
INSERT INTO TimeDay (TimeDayID, TimeDay, TimeMonthID) VALUES (450, 27, 14);
INSERT INTO TimeDay (TimeDayID, TimeDay, TimeMonthID) VALUES (451, 28, 14);
INSERT INTO TimeDay (TimeDayID, TimeDay, TimeMonthID) VALUES (452, 29, 14);
INSERT INTO TimeDay (TimeDayID, TimeDay, TimeMonthID) VALUES (453, 30, 14);
INSERT INTO TimeDay (TimeDayID, TimeDay, TimeMonthID) VALUES (454, 31, 14);
INSERT INTO TimeMonth (TimeMonthID, TimeMonth, TimeMonthName, TimeYearID) VALUES (15, 4, "April", 1);
INSERT INTO TimeDay (TimeDayID, TimeDay, TimeMonthID) VALUES (455, 1, 15);
INSERT INTO TimeDay (TimeDayID, TimeDay, TimeMonthID) VALUES (456, 2, 15);
INSERT INTO TimeDay (TimeDayID, TimeDay, TimeMonthID) VALUES (457, 3, 15);
INSERT INTO TimeDay (TimeDayID, TimeDay, TimeMonthID) VALUES (458, 4, 15);
INSERT INTO TimeDay (TimeDayID, TimeDay, TimeMonthID) VALUES (459, 5, 15);
INSERT INTO TimeDay (TimeDayID, TimeDay, TimeMonthID) VALUES (460, 6, 15);
INSERT INTO TimeDay (TimeDayID, TimeDay, TimeMonthID) VALUES (461, 7, 15);
INSERT INTO TimeDay (TimeDayID, TimeDay, TimeMonthID) VALUES (462, 8, 15);
INSERT INTO TimeDay (TimeDayID, TimeDay, TimeMonthID) VALUES (463, 9, 15);
INSERT INTO TimeDay (TimeDayID, TimeDay, TimeMonthID) VALUES (464, 10, 15);
INSERT INTO TimeDay (TimeDayID, TimeDay, TimeMonthID) VALUES (465, 11, 15);
INSERT INTO TimeDay (TimeDayID, TimeDay, TimeMonthID) VALUES (466, 12, 15);
INSERT INTO TimeDay (TimeDayID, TimeDay, TimeMonthID) VALUES (467, 13, 15);
INSERT INTO TimeDay (TimeDayID, TimeDay, TimeMonthID) VALUES (468, 14, 15);
INSERT INTO TimeDay (TimeDayID, TimeDay, TimeMonthID) VALUES (469, 15, 15);
INSERT INTO TimeDay (TimeDayID, TimeDay, TimeMonthID) VALUES (470, 16, 15);
INSERT INTO TimeDay (TimeDayID, TimeDay, TimeMonthID) VALUES (471, 17, 15);
INSERT INTO TimeDay (TimeDayID, TimeDay, TimeMonthID) VALUES (472, 18, 15);
INSERT INTO TimeDay (TimeDayID, TimeDay, TimeMonthID) VALUES (473, 19, 15);
INSERT INTO TimeDay (TimeDayID, TimeDay, TimeMonthID) VALUES (474, 20, 15);
INSERT INTO TimeDay (TimeDayID, TimeDay, TimeMonthID) VALUES (475, 21, 15);
INSERT INTO TimeDay (TimeDayID, TimeDay, TimeMonthID) VALUES (476, 22, 15);
INSERT INTO TimeDay (TimeDayID, TimeDay, TimeMonthID) VALUES (477, 23, 15);
INSERT INTO TimeDay (TimeDayID, TimeDay, TimeMonthID) VALUES (478, 24, 15);
INSERT INTO TimeDay (TimeDayID, TimeDay, TimeMonthID) VALUES (479, 25, 15);
INSERT INTO TimeDay (TimeDayID, TimeDay, TimeMonthID) VALUES (480, 26, 15);
INSERT INTO TimeDay (TimeDayID, TimeDay, TimeMonthID) VALUES (481, 27, 15);
INSERT INTO TimeDay (TimeDayID, TimeDay, TimeMonthID) VALUES (482, 28, 15);
INSERT INTO TimeDay (TimeDayID, TimeDay, TimeMonthID) VALUES (483, 29, 15);
INSERT INTO TimeDay (TimeDayID, TimeDay, TimeMonthID) VALUES (484, 30, 15);
INSERT INTO TimeMonth (TimeMonthID, TimeMonth, TimeMonthName, TimeYearID) VALUES (16, 5, "May", 1);
INSERT INTO TimeDay (TimeDayID, TimeDay, TimeMonthID) VALUES (485, 1, 16);
INSERT INTO TimeDay (TimeDayID, TimeDay, TimeMonthID) VALUES (486, 2, 16);
INSERT INTO TimeDay (TimeDayID, TimeDay, TimeMonthID) VALUES (487, 3, 16);
INSERT INTO TimeDay (TimeDayID, TimeDay, TimeMonthID) VALUES (488, 4, 16);
INSERT INTO TimeDay (TimeDayID, TimeDay, TimeMonthID) VALUES (489, 5, 16);
INSERT INTO TimeDay (TimeDayID, TimeDay, TimeMonthID) VALUES (490, 6, 16);
INSERT INTO TimeDay (TimeDayID, TimeDay, TimeMonthID) VALUES (491, 7, 16);
INSERT INTO TimeDay (TimeDayID, TimeDay, TimeMonthID) VALUES (492, 8, 16);
INSERT INTO TimeDay (TimeDayID, TimeDay, TimeMonthID) VALUES (493, 9, 16);
INSERT INTO TimeDay (TimeDayID, TimeDay, TimeMonthID) VALUES (494, 10, 16);
INSERT INTO TimeDay (TimeDayID, TimeDay, TimeMonthID) VALUES (495, 11, 16);
INSERT INTO TimeDay (TimeDayID, TimeDay, TimeMonthID) VALUES (496, 12, 16);
INSERT INTO TimeDay (TimeDayID, TimeDay, TimeMonthID) VALUES (497, 13, 16);
INSERT INTO TimeDay (TimeDayID, TimeDay, TimeMonthID) VALUES (498, 14, 16);
INSERT INTO TimeDay (TimeDayID, TimeDay, TimeMonthID) VALUES (499, 15, 16);
INSERT INTO TimeDay (TimeDayID, TimeDay, TimeMonthID) VALUES (500, 16, 16);
INSERT INTO TimeDay (TimeDayID, TimeDay, TimeMonthID) VALUES (501, 17, 16);
INSERT INTO TimeDay (TimeDayID, TimeDay, TimeMonthID) VALUES (502, 18, 16);
INSERT INTO TimeDay (TimeDayID, TimeDay, TimeMonthID) VALUES (503, 19, 16);
INSERT INTO TimeDay (TimeDayID, TimeDay, TimeMonthID) VALUES (504, 20, 16);
INSERT INTO TimeDay (TimeDayID, TimeDay, TimeMonthID) VALUES (505, 21, 16);
INSERT INTO TimeDay (TimeDayID, TimeDay, TimeMonthID) VALUES (506, 22, 16);
INSERT INTO TimeDay (TimeDayID, TimeDay, TimeMonthID) VALUES (507, 23, 16);
INSERT INTO TimeDay (TimeDayID, TimeDay, TimeMonthID) VALUES (508, 24, 16);
INSERT INTO TimeDay (TimeDayID, TimeDay, TimeMonthID) VALUES (509, 25, 16);
INSERT INTO TimeDay (TimeDayID, TimeDay, TimeMonthID) VALUES (510, 26, 16);
INSERT INTO TimeDay (TimeDayID, TimeDay, TimeMonthID) VALUES (511, 27, 16);
INSERT INTO TimeDay (TimeDayID, TimeDay, TimeMonthID) VALUES (512, 28, 16);
INSERT INTO TimeDay (TimeDayID, TimeDay, TimeMonthID) VALUES (513, 29, 16);
INSERT INTO TimeDay (TimeDayID, TimeDay, TimeMonthID) VALUES (514, 30, 16);
INSERT INTO TimeDay (TimeDayID, TimeDay, TimeMonthID) VALUES (515, 31, 16);
INSERT INTO TimeMonth (TimeMonthID, TimeMonth, TimeMonthName, TimeYearID) VALUES (17, 6, "June", 1);
INSERT INTO TimeDay (TimeDayID, TimeDay, TimeMonthID) VALUES (516, 1, 17);
INSERT INTO TimeDay (TimeDayID, TimeDay, TimeMonthID) VALUES (517, 2, 17);
INSERT INTO TimeDay (TimeDayID, TimeDay, TimeMonthID) VALUES (518, 3, 17);
INSERT INTO TimeDay (TimeDayID, TimeDay, TimeMonthID) VALUES (519, 4, 17);
INSERT INTO TimeDay (TimeDayID, TimeDay, TimeMonthID) VALUES (520, 5, 17);
INSERT INTO TimeDay (TimeDayID, TimeDay, TimeMonthID) VALUES (521, 6, 17);
INSERT INTO TimeDay (TimeDayID, TimeDay, TimeMonthID) VALUES (522, 7, 17);
INSERT INTO TimeDay (TimeDayID, TimeDay, TimeMonthID) VALUES (523, 8, 17);
INSERT INTO TimeDay (TimeDayID, TimeDay, TimeMonthID) VALUES (524, 9, 17);
INSERT INTO TimeDay (TimeDayID, TimeDay, TimeMonthID) VALUES (525, 10, 17);
INSERT INTO TimeDay (TimeDayID, TimeDay, TimeMonthID) VALUES (526, 11, 17);
INSERT INTO TimeDay (TimeDayID, TimeDay, TimeMonthID) VALUES (527, 12, 17);
INSERT INTO TimeDay (TimeDayID, TimeDay, TimeMonthID) VALUES (528, 13, 17);
INSERT INTO TimeDay (TimeDayID, TimeDay, TimeMonthID) VALUES (529, 14, 17);
INSERT INTO TimeDay (TimeDayID, TimeDay, TimeMonthID) VALUES (530, 15, 17);
INSERT INTO TimeDay (TimeDayID, TimeDay, TimeMonthID) VALUES (531, 16, 17);
INSERT INTO TimeDay (TimeDayID, TimeDay, TimeMonthID) VALUES (532, 17, 17);
INSERT INTO TimeDay (TimeDayID, TimeDay, TimeMonthID) VALUES (533, 18, 17);
INSERT INTO TimeDay (TimeDayID, TimeDay, TimeMonthID) VALUES (534, 19, 17);
INSERT INTO TimeDay (TimeDayID, TimeDay, TimeMonthID) VALUES (535, 20, 17);
INSERT INTO TimeDay (TimeDayID, TimeDay, TimeMonthID) VALUES (536, 21, 17);
INSERT INTO TimeDay (TimeDayID, TimeDay, TimeMonthID) VALUES (537, 22, 17);
INSERT INTO TimeDay (TimeDayID, TimeDay, TimeMonthID) VALUES (538, 23, 17);
INSERT INTO TimeDay (TimeDayID, TimeDay, TimeMonthID) VALUES (539, 24, 17);
INSERT INTO TimeDay (TimeDayID, TimeDay, TimeMonthID) VALUES (540, 25, 17);
INSERT INTO TimeDay (TimeDayID, TimeDay, TimeMonthID) VALUES (541, 26, 17);
INSERT INTO TimeDay (TimeDayID, TimeDay, TimeMonthID) VALUES (542, 27, 17);
INSERT INTO TimeDay (TimeDayID, TimeDay, TimeMonthID) VALUES (543, 28, 17);
INSERT INTO TimeDay (TimeDayID, TimeDay, TimeMonthID) VALUES (544, 29, 17);
INSERT INTO TimeDay (TimeDayID, TimeDay, TimeMonthID) VALUES (545, 30, 17);
INSERT INTO TimeMonth (TimeMonthID, TimeMonth, TimeMonthName, TimeYearID) VALUES (18, 7, "July", 1);
INSERT INTO TimeDay (TimeDayID, TimeDay, TimeMonthID) VALUES (546, 1, 18);
INSERT INTO TimeDay (TimeDayID, TimeDay, TimeMonthID) VALUES (547, 2, 18);
INSERT INTO TimeDay (TimeDayID, TimeDay, TimeMonthID) VALUES (548, 3, 18);
INSERT INTO TimeDay (TimeDayID, TimeDay, TimeMonthID) VALUES (549, 4, 18);
INSERT INTO TimeDay (TimeDayID, TimeDay, TimeMonthID) VALUES (550, 5, 18);
INSERT INTO TimeDay (TimeDayID, TimeDay, TimeMonthID) VALUES (551, 6, 18);
INSERT INTO TimeDay (TimeDayID, TimeDay, TimeMonthID) VALUES (552, 7, 18);
INSERT INTO TimeDay (TimeDayID, TimeDay, TimeMonthID) VALUES (553, 8, 18);
INSERT INTO TimeDay (TimeDayID, TimeDay, TimeMonthID) VALUES (554, 9, 18);
INSERT INTO TimeDay (TimeDayID, TimeDay, TimeMonthID) VALUES (555, 10, 18);
INSERT INTO TimeDay (TimeDayID, TimeDay, TimeMonthID) VALUES (556, 11, 18);
INSERT INTO TimeDay (TimeDayID, TimeDay, TimeMonthID) VALUES (557, 12, 18);
INSERT INTO TimeDay (TimeDayID, TimeDay, TimeMonthID) VALUES (558, 13, 18);
INSERT INTO TimeDay (TimeDayID, TimeDay, TimeMonthID) VALUES (559, 14, 18);
INSERT INTO TimeDay (TimeDayID, TimeDay, TimeMonthID) VALUES (560, 15, 18);
INSERT INTO TimeDay (TimeDayID, TimeDay, TimeMonthID) VALUES (561, 16, 18);
INSERT INTO TimeDay (TimeDayID, TimeDay, TimeMonthID) VALUES (562, 17, 18);
INSERT INTO TimeDay (TimeDayID, TimeDay, TimeMonthID) VALUES (563, 18, 18);
INSERT INTO TimeDay (TimeDayID, TimeDay, TimeMonthID) VALUES (564, 19, 18);
INSERT INTO TimeDay (TimeDayID, TimeDay, TimeMonthID) VALUES (565, 20, 18);
INSERT INTO TimeDay (TimeDayID, TimeDay, TimeMonthID) VALUES (566, 21, 18);
INSERT INTO TimeDay (TimeDayID, TimeDay, TimeMonthID) VALUES (567, 22, 18);
INSERT INTO TimeDay (TimeDayID, TimeDay, TimeMonthID) VALUES (568, 23, 18);
INSERT INTO TimeDay (TimeDayID, TimeDay, TimeMonthID) VALUES (569, 24, 18);
INSERT INTO TimeDay (TimeDayID, TimeDay, TimeMonthID) VALUES (570, 25, 18);
INSERT INTO TimeDay (TimeDayID, TimeDay, TimeMonthID) VALUES (571, 26, 18);
INSERT INTO TimeDay (TimeDayID, TimeDay, TimeMonthID) VALUES (572, 27, 18);
INSERT INTO TimeDay (TimeDayID, TimeDay, TimeMonthID) VALUES (573, 28, 18);
INSERT INTO TimeDay (TimeDayID, TimeDay, TimeMonthID) VALUES (574, 29, 18);
INSERT INTO TimeDay (TimeDayID, TimeDay, TimeMonthID) VALUES (575, 30, 18);
INSERT INTO TimeDay (TimeDayID, TimeDay, TimeMonthID) VALUES (576, 31, 18);
INSERT INTO TimeMonth (TimeMonthID, TimeMonth, TimeMonthName, TimeYearID) VALUES (19, 8, "August", 1);
INSERT INTO TimeDay (TimeDayID, TimeDay, TimeMonthID) VALUES (577, 1, 19);
INSERT INTO TimeDay (TimeDayID, TimeDay, TimeMonthID) VALUES (578, 2, 19);
INSERT INTO TimeDay (TimeDayID, TimeDay, TimeMonthID) VALUES (579, 3, 19);
INSERT INTO TimeDay (TimeDayID, TimeDay, TimeMonthID) VALUES (580, 4, 19);
INSERT INTO TimeDay (TimeDayID, TimeDay, TimeMonthID) VALUES (581, 5, 19);
INSERT INTO TimeDay (TimeDayID, TimeDay, TimeMonthID) VALUES (582, 6, 19);
INSERT INTO TimeDay (TimeDayID, TimeDay, TimeMonthID) VALUES (583, 7, 19);
INSERT INTO TimeDay (TimeDayID, TimeDay, TimeMonthID) VALUES (584, 8, 19);
INSERT INTO TimeDay (TimeDayID, TimeDay, TimeMonthID) VALUES (585, 9, 19);
INSERT INTO TimeDay (TimeDayID, TimeDay, TimeMonthID) VALUES (586, 10, 19);
INSERT INTO TimeDay (TimeDayID, TimeDay, TimeMonthID) VALUES (587, 11, 19);
INSERT INTO TimeDay (TimeDayID, TimeDay, TimeMonthID) VALUES (588, 12, 19);
INSERT INTO TimeDay (TimeDayID, TimeDay, TimeMonthID) VALUES (589, 13, 19);
INSERT INTO TimeDay (TimeDayID, TimeDay, TimeMonthID) VALUES (590, 14, 19);
INSERT INTO TimeDay (TimeDayID, TimeDay, TimeMonthID) VALUES (591, 15, 19);
INSERT INTO TimeDay (TimeDayID, TimeDay, TimeMonthID) VALUES (592, 16, 19);
INSERT INTO TimeDay (TimeDayID, TimeDay, TimeMonthID) VALUES (593, 17, 19);
INSERT INTO TimeDay (TimeDayID, TimeDay, TimeMonthID) VALUES (594, 18, 19);
INSERT INTO TimeDay (TimeDayID, TimeDay, TimeMonthID) VALUES (595, 19, 19);
INSERT INTO TimeDay (TimeDayID, TimeDay, TimeMonthID) VALUES (596, 20, 19);
INSERT INTO TimeDay (TimeDayID, TimeDay, TimeMonthID) VALUES (597, 21, 19);
INSERT INTO TimeDay (TimeDayID, TimeDay, TimeMonthID) VALUES (598, 22, 19);
INSERT INTO TimeDay (TimeDayID, TimeDay, TimeMonthID) VALUES (599, 23, 19);
INSERT INTO TimeDay (TimeDayID, TimeDay, TimeMonthID) VALUES (600, 24, 19);
INSERT INTO TimeDay (TimeDayID, TimeDay, TimeMonthID) VALUES (601, 25, 19);
INSERT INTO TimeDay (TimeDayID, TimeDay, TimeMonthID) VALUES (602, 26, 19);
INSERT INTO TimeDay (TimeDayID, TimeDay, TimeMonthID) VALUES (603, 27, 19);
INSERT INTO TimeDay (TimeDayID, TimeDay, TimeMonthID) VALUES (604, 28, 19);
INSERT INTO TimeDay (TimeDayID, TimeDay, TimeMonthID) VALUES (605, 29, 19);
INSERT INTO TimeDay (TimeDayID, TimeDay, TimeMonthID) VALUES (606, 30, 19);
INSERT INTO TimeDay (TimeDayID, TimeDay, TimeMonthID) VALUES (607, 31, 19);
INSERT INTO TimeMonth (TimeMonthID, TimeMonth, TimeMonthName, TimeYearID) VALUES (20, 9, "September", 1);
INSERT INTO TimeDay (TimeDayID, TimeDay, TimeMonthID) VALUES (608, 1, 20);
INSERT INTO TimeDay (TimeDayID, TimeDay, TimeMonthID) VALUES (609, 2, 20);
INSERT INTO TimeDay (TimeDayID, TimeDay, TimeMonthID) VALUES (610, 3, 20);
INSERT INTO TimeDay (TimeDayID, TimeDay, TimeMonthID) VALUES (611, 4, 20);
INSERT INTO TimeDay (TimeDayID, TimeDay, TimeMonthID) VALUES (612, 5, 20);
INSERT INTO TimeDay (TimeDayID, TimeDay, TimeMonthID) VALUES (613, 6, 20);
INSERT INTO TimeDay (TimeDayID, TimeDay, TimeMonthID) VALUES (614, 7, 20);
INSERT INTO TimeDay (TimeDayID, TimeDay, TimeMonthID) VALUES (615, 8, 20);
INSERT INTO TimeDay (TimeDayID, TimeDay, TimeMonthID) VALUES (616, 9, 20);
INSERT INTO TimeDay (TimeDayID, TimeDay, TimeMonthID) VALUES (617, 10, 20);
INSERT INTO TimeDay (TimeDayID, TimeDay, TimeMonthID) VALUES (618, 11, 20);
INSERT INTO TimeDay (TimeDayID, TimeDay, TimeMonthID) VALUES (619, 12, 20);
INSERT INTO TimeDay (TimeDayID, TimeDay, TimeMonthID) VALUES (620, 13, 20);
INSERT INTO TimeDay (TimeDayID, TimeDay, TimeMonthID) VALUES (621, 14, 20);
INSERT INTO TimeDay (TimeDayID, TimeDay, TimeMonthID) VALUES (622, 15, 20);
INSERT INTO TimeDay (TimeDayID, TimeDay, TimeMonthID) VALUES (623, 16, 20);
INSERT INTO TimeDay (TimeDayID, TimeDay, TimeMonthID) VALUES (624, 17, 20);
INSERT INTO TimeDay (TimeDayID, TimeDay, TimeMonthID) VALUES (625, 18, 20);
INSERT INTO TimeDay (TimeDayID, TimeDay, TimeMonthID) VALUES (626, 19, 20);
INSERT INTO TimeDay (TimeDayID, TimeDay, TimeMonthID) VALUES (627, 20, 20);
INSERT INTO TimeDay (TimeDayID, TimeDay, TimeMonthID) VALUES (628, 21, 20);
INSERT INTO TimeDay (TimeDayID, TimeDay, TimeMonthID) VALUES (629, 22, 20);
INSERT INTO TimeDay (TimeDayID, TimeDay, TimeMonthID) VALUES (630, 23, 20);
INSERT INTO TimeDay (TimeDayID, TimeDay, TimeMonthID) VALUES (631, 24, 20);
INSERT INTO TimeDay (TimeDayID, TimeDay, TimeMonthID) VALUES (632, 25, 20);
INSERT INTO TimeDay (TimeDayID, TimeDay, TimeMonthID) VALUES (633, 26, 20);
INSERT INTO TimeDay (TimeDayID, TimeDay, TimeMonthID) VALUES (634, 27, 20);
INSERT INTO TimeDay (TimeDayID, TimeDay, TimeMonthID) VALUES (635, 28, 20);
INSERT INTO TimeDay (TimeDayID, TimeDay, TimeMonthID) VALUES (636, 29, 20);
INSERT INTO TimeDay (TimeDayID, TimeDay, TimeMonthID) VALUES (637, 30, 20);
INSERT INTO TimeMonth (TimeMonthID, TimeMonth, TimeMonthName, TimeYearID) VALUES (21, 10, "October", 1);
INSERT INTO TimeDay (TimeDayID, TimeDay, TimeMonthID) VALUES (638, 1, 21);
INSERT INTO TimeDay (TimeDayID, TimeDay, TimeMonthID) VALUES (639, 2, 21);
INSERT INTO TimeDay (TimeDayID, TimeDay, TimeMonthID) VALUES (640, 3, 21);
INSERT INTO TimeDay (TimeDayID, TimeDay, TimeMonthID) VALUES (641, 4, 21);
INSERT INTO TimeDay (TimeDayID, TimeDay, TimeMonthID) VALUES (642, 5, 21);
INSERT INTO TimeDay (TimeDayID, TimeDay, TimeMonthID) VALUES (643, 6, 21);
INSERT INTO TimeDay (TimeDayID, TimeDay, TimeMonthID) VALUES (644, 7, 21);
INSERT INTO TimeDay (TimeDayID, TimeDay, TimeMonthID) VALUES (645, 8, 21);
INSERT INTO TimeDay (TimeDayID, TimeDay, TimeMonthID) VALUES (646, 9, 21);
INSERT INTO TimeDay (TimeDayID, TimeDay, TimeMonthID) VALUES (647, 10, 21);
INSERT INTO TimeDay (TimeDayID, TimeDay, TimeMonthID) VALUES (648, 11, 21);
INSERT INTO TimeDay (TimeDayID, TimeDay, TimeMonthID) VALUES (649, 12, 21);
INSERT INTO TimeDay (TimeDayID, TimeDay, TimeMonthID) VALUES (650, 13, 21);
INSERT INTO TimeDay (TimeDayID, TimeDay, TimeMonthID) VALUES (651, 14, 21);
INSERT INTO TimeDay (TimeDayID, TimeDay, TimeMonthID) VALUES (652, 15, 21);
INSERT INTO TimeDay (TimeDayID, TimeDay, TimeMonthID) VALUES (653, 16, 21);
INSERT INTO TimeDay (TimeDayID, TimeDay, TimeMonthID) VALUES (654, 17, 21);
INSERT INTO TimeDay (TimeDayID, TimeDay, TimeMonthID) VALUES (655, 18, 21);
INSERT INTO TimeDay (TimeDayID, TimeDay, TimeMonthID) VALUES (656, 19, 21);
INSERT INTO TimeDay (TimeDayID, TimeDay, TimeMonthID) VALUES (657, 20, 21);
INSERT INTO TimeDay (TimeDayID, TimeDay, TimeMonthID) VALUES (658, 21, 21);
INSERT INTO TimeDay (TimeDayID, TimeDay, TimeMonthID) VALUES (659, 22, 21);
INSERT INTO TimeDay (TimeDayID, TimeDay, TimeMonthID) VALUES (660, 23, 21);
INSERT INTO TimeDay (TimeDayID, TimeDay, TimeMonthID) VALUES (661, 24, 21);
INSERT INTO TimeDay (TimeDayID, TimeDay, TimeMonthID) VALUES (662, 25, 21);
INSERT INTO TimeDay (TimeDayID, TimeDay, TimeMonthID) VALUES (663, 26, 21);
INSERT INTO TimeDay (TimeDayID, TimeDay, TimeMonthID) VALUES (664, 27, 21);
INSERT INTO TimeDay (TimeDayID, TimeDay, TimeMonthID) VALUES (665, 28, 21);
INSERT INTO TimeDay (TimeDayID, TimeDay, TimeMonthID) VALUES (666, 29, 21);
INSERT INTO TimeDay (TimeDayID, TimeDay, TimeMonthID) VALUES (667, 30, 21);
INSERT INTO TimeDay (TimeDayID, TimeDay, TimeMonthID) VALUES (668, 31, 21);
INSERT INTO TimeMonth (TimeMonthID, TimeMonth, TimeMonthName, TimeYearID) VALUES (22, 11, "November", 1);
INSERT INTO TimeDay (TimeDayID, TimeDay, TimeMonthID) VALUES (669, 1, 22);
INSERT INTO TimeDay (TimeDayID, TimeDay, TimeMonthID) VALUES (670, 2, 22);
INSERT INTO TimeDay (TimeDayID, TimeDay, TimeMonthID) VALUES (671, 3, 22);
INSERT INTO TimeDay (TimeDayID, TimeDay, TimeMonthID) VALUES (672, 4, 22);
INSERT INTO TimeDay (TimeDayID, TimeDay, TimeMonthID) VALUES (673, 5, 22);
INSERT INTO TimeDay (TimeDayID, TimeDay, TimeMonthID) VALUES (674, 6, 22);
INSERT INTO TimeDay (TimeDayID, TimeDay, TimeMonthID) VALUES (675, 7, 22);
INSERT INTO TimeDay (TimeDayID, TimeDay, TimeMonthID) VALUES (676, 8, 22);
INSERT INTO TimeDay (TimeDayID, TimeDay, TimeMonthID) VALUES (677, 9, 22);
INSERT INTO TimeDay (TimeDayID, TimeDay, TimeMonthID) VALUES (678, 10, 22);
INSERT INTO TimeDay (TimeDayID, TimeDay, TimeMonthID) VALUES (679, 11, 22);
INSERT INTO TimeDay (TimeDayID, TimeDay, TimeMonthID) VALUES (680, 12, 22);
INSERT INTO TimeDay (TimeDayID, TimeDay, TimeMonthID) VALUES (681, 13, 22);
INSERT INTO TimeDay (TimeDayID, TimeDay, TimeMonthID) VALUES (682, 14, 22);
INSERT INTO TimeDay (TimeDayID, TimeDay, TimeMonthID) VALUES (683, 15, 22);
INSERT INTO TimeDay (TimeDayID, TimeDay, TimeMonthID) VALUES (684, 16, 22);
INSERT INTO TimeDay (TimeDayID, TimeDay, TimeMonthID) VALUES (685, 17, 22);
INSERT INTO TimeDay (TimeDayID, TimeDay, TimeMonthID) VALUES (686, 18, 22);
INSERT INTO TimeDay (TimeDayID, TimeDay, TimeMonthID) VALUES (687, 19, 22);
INSERT INTO TimeDay (TimeDayID, TimeDay, TimeMonthID) VALUES (688, 20, 22);
INSERT INTO TimeDay (TimeDayID, TimeDay, TimeMonthID) VALUES (689, 21, 22);
INSERT INTO TimeDay (TimeDayID, TimeDay, TimeMonthID) VALUES (690, 22, 22);
INSERT INTO TimeDay (TimeDayID, TimeDay, TimeMonthID) VALUES (691, 23, 22);
INSERT INTO TimeDay (TimeDayID, TimeDay, TimeMonthID) VALUES (692, 24, 22);
INSERT INTO TimeDay (TimeDayID, TimeDay, TimeMonthID) VALUES (693, 25, 22);
INSERT INTO TimeDay (TimeDayID, TimeDay, TimeMonthID) VALUES (694, 26, 22);
INSERT INTO TimeDay (TimeDayID, TimeDay, TimeMonthID) VALUES (695, 27, 22);
INSERT INTO TimeDay (TimeDayID, TimeDay, TimeMonthID) VALUES (696, 28, 22);
INSERT INTO TimeDay (TimeDayID, TimeDay, TimeMonthID) VALUES (697, 29, 22);
INSERT INTO TimeDay (TimeDayID, TimeDay, TimeMonthID) VALUES (698, 30, 22);
INSERT INTO TimeMonth (TimeMonthID, TimeMonth, TimeMonthName, TimeYearID) VALUES (23, 12, "December", 1);
INSERT INTO TimeDay (TimeDayID, TimeDay, TimeMonthID) VALUES (699, 1, 23);
INSERT INTO TimeDay (TimeDayID, TimeDay, TimeMonthID) VALUES (700, 2, 23);
INSERT INTO TimeDay (TimeDayID, TimeDay, TimeMonthID) VALUES (701, 3, 23);
INSERT INTO TimeDay (TimeDayID, TimeDay, TimeMonthID) VALUES (702, 4, 23);
INSERT INTO TimeDay (TimeDayID, TimeDay, TimeMonthID) VALUES (703, 5, 23);
INSERT INTO TimeDay (TimeDayID, TimeDay, TimeMonthID) VALUES (704, 6, 23);
INSERT INTO TimeDay (TimeDayID, TimeDay, TimeMonthID) VALUES (705, 7, 23);
INSERT INTO TimeDay (TimeDayID, TimeDay, TimeMonthID) VALUES (706, 8, 23);
INSERT INTO TimeDay (TimeDayID, TimeDay, TimeMonthID) VALUES (707, 9, 23);
INSERT INTO TimeDay (TimeDayID, TimeDay, TimeMonthID) VALUES (708, 10, 23);
INSERT INTO TimeDay (TimeDayID, TimeDay, TimeMonthID) VALUES (709, 11, 23);
INSERT INTO LocationRegion (LocationRegionID, LocationRegionName) VALUES (0, 'South East');
INSERT INTO LocalAuthority (LocalAuthorityID, LocalAuthorityName, LocalAuthorityAddress, LocalAuthorityPhone) VALUES (0, 'Brighton and Hove Council', 'Grand Avenue, HOVE, East Sussex, BN3 2LS, England', '01273-290000');
INSERT INTO Station (StationID, StationAddress, StationPhone, StationPoliceChief) VALUES (0, "69212 Morissette Overpass", "(997) 752-3659 x490", "Hyman Lang");
INSERT INTO LocationCity (LocationCityID, LocationCityName, LocationRegionID) VALUES (0, 'Brighton and Hove', 0);
INSERT INTO LocalAuthority (LocalAuthorityID, LocalAuthorityName, LocalAuthorityAddress, LocalAuthorityPhone) VALUES (1, 'Chichester Council', 'East Pallant, CHICHESTER, West Sussex, PO19 1TY, England', '01243-785166');
INSERT INTO Station (StationID, StationAddress, StationPhone, StationPoliceChief) VALUES (1, "2055 Adan Burg", "(378) 489-5336 x6238", "Lavada Jones");
INSERT INTO LocationCity (LocationCityID, LocationCityName, LocationRegionID) VALUES (1, 'Chichester', 0);
INSERT INTO LocalAuthority (LocalAuthorityID, LocalAuthorityName, LocalAuthorityAddress, LocalAuthorityPhone) VALUES (2, 'City of Canterbury Council', 'Military Road, CANTERBURY, Kent, CT1 1YW, England', '01227-862000');
INSERT INTO Station (StationID, StationAddress, StationPhone, StationPoliceChief) VALUES (2, "9833 Bauch Court", "1-946-140-5951 x5549", "Libby Hessel");
INSERT INTO LocationCity (LocationCityID, LocationCityName, LocationRegionID) VALUES (2, 'City of Canterbury', 0);
INSERT INTO LocalAuthority (LocalAuthorityID, LocalAuthorityName, LocalAuthorityAddress, LocalAuthorityPhone) VALUES (3, 'Oxford Council', 'OXFORD, Oxfordshire, OX1 1EN, England', '01865-249811');
INSERT INTO Station (StationID, StationAddress, StationPhone, StationPoliceChief) VALUES (3, "40369 Emmerich Haven", "796-781-9496 x423", "Madilyn Boyle");
INSERT INTO LocationCity (LocationCityID, LocationCityName, LocationRegionID) VALUES (3, 'Oxford', 0);
INSERT INTO LocalAuthority (LocalAuthorityID, LocalAuthorityName, LocalAuthorityAddress, LocalAuthorityPhone) VALUES (4, 'Portsmouth Council', 'Guildhall Square, PORTSMOUTH, Hampshire, PO1 2AL, England', '023-9282 2251');
INSERT INTO Station (StationID, StationAddress, StationPhone, StationPoliceChief) VALUES (4, "3375 Arnoldo Plaza", "281-649-6649", "Ova Torphy");
INSERT INTO LocationCity (LocationCityID, LocationCityName, LocationRegionID) VALUES (4, 'Portsmouth', 0);
INSERT INTO LocalAuthority (LocalAuthorityID, LocalAuthorityName, LocalAuthorityAddress, LocalAuthorityPhone) VALUES (5, 'Southampton Council', 'SOUTHAMPTON, Hampshire, SO14 7LY, England', '023-8022 3855');
INSERT INTO Station (StationID, StationAddress, StationPhone, StationPoliceChief) VALUES (5, "283 Upton Radial", "963-745-1189 x1392", "Karli Friesen");
INSERT INTO LocationCity (LocationCityID, LocationCityName, LocationRegionID) VALUES (5, 'Southampton', 0);
INSERT INTO LocalAuthority (LocalAuthorityID, LocalAuthorityName, LocalAuthorityAddress, LocalAuthorityPhone) VALUES (6, 'Winchester Council', 'Colebrook Street, WINCHESTER, Hampshire, SO23 9LJ, England', '01962-840222');
INSERT INTO Station (StationID, StationAddress, StationPhone, StationPoliceChief) VALUES (6, "4950 Abbie Trail", "938-084-9651", "Edmond Kuhlman");
INSERT INTO LocationCity (LocationCityID, LocationCityName, LocationRegionID) VALUES (6, 'Winchester', 0);
INSERT INTO Time (TimeID, TimeClockTime, TimeDayID) VALUES (0, "16:22:23", 244);
INSERT INTO Owner (OwnerID, OwnerName, OwnerEmail, OwnerPhone) VALUES (0, "Levi Pacocha", "Ubaldo.Haley@yahoo.com", "1-264-864-4738 x1209");
INSERT INTO Location (LocationID, LocationAddress, LocationCityID) VALUES (0, "9748 Dibbert Pines", 3);
INSERT INTO Vehicle (VehicleID, VehicleMake, VehicleColour, VehicleEngineSize, VehicleFuelType, VehicleTypeApproval, VehicleYearOfManufacture, VehicleDateRegistered, VehicleTaxExpires, VehicleMoTExpires) VALUES ("KJ97 TJR", "DAYANG", "WHITE", "4641cc", "PETROL", "N2", "1997", "1997-06-19T01:52:47.729Z", "2016-09-12T22:58:12.329Z", "2016-09-17T09:12:41.029Z");
INSERT INTO SeizureNotice (SeizureNoticeID, TimeID, LocalAuthorityID, StationID, LocationID, VehicleID, OwnerID) VALUES (0, 0, 3, 3, 0, "KJ97 TJR", 0);
INSERT INTO Time (TimeID, TimeClockTime, TimeDayID) VALUES (1, "21:52:38", 218);
INSERT INTO Owner (OwnerID, OwnerName, OwnerEmail, OwnerPhone) VALUES (1, "Jake Zemlak", "Nicholaus37@hotmail.com", "500-681-8096 x7100");
INSERT INTO Location (LocationID, LocationAddress, LocationCityID) VALUES (1, "440 Jennie Forges", 1);
INSERT INTO Vehicle (VehicleID, VehicleMake, VehicleColour, VehicleEngineSize, VehicleFuelType, VehicleTypeApproval, VehicleYearOfManufacture, VehicleDateRegistered, VehicleTaxExpires, VehicleMoTExpires) VALUES ("WZ92 PZM", "DENNIS", "BROWN", "4731cc", "DIESEL", "M1", "1992", "1992-10-17T13:08:19.877Z", "2016-04-05T05:26:47.352Z", "2016-02-01T08:01:02.955Z");
INSERT INTO SeizureNotice (SeizureNoticeID, TimeID, LocalAuthorityID, StationID, LocationID, VehicleID, OwnerID) VALUES (1, 1, 1, 1, 1, "WZ92 PZM", 1);
INSERT INTO Time (TimeID, TimeClockTime, TimeDayID) VALUES (2, "11:2:9", 367);
INSERT INTO Owner (OwnerID, OwnerName, OwnerEmail, OwnerPhone) VALUES (2, "Walter Pfannerstill", "Raleigh.Hartmann@yahoo.com", "1-534-135-8101");
INSERT INTO Location (LocationID, LocationAddress, LocationCityID) VALUES (2, "9605 Turcotte Shore", 3);
INSERT INTO Vehicle (VehicleID, VehicleMake, VehicleColour, VehicleEngineSize, VehicleFuelType, VehicleTypeApproval, VehicleYearOfManufacture, VehicleDateRegistered, VehicleTaxExpires, VehicleMoTExpires) VALUES ("VJ01 JLK", "TALBOT", "RED", "3864cc", "DIESEL", "O3", "2001", "2001-09-18T07:46:31.683Z", "2016-02-13T09:06:06.773Z", "2016-11-10T22:52:52.358Z");
INSERT INTO SeizureNotice (SeizureNoticeID, TimeID, LocalAuthorityID, StationID, LocationID, VehicleID, OwnerID) VALUES (2, 2, 3, 3, 2, "VJ01 JLK", 2);
INSERT INTO Time (TimeID, TimeClockTime, TimeDayID) VALUES (3, "1:3:29", 638);
INSERT INTO Owner (OwnerID, OwnerName, OwnerEmail, OwnerPhone) VALUES (3, "Giuseppe Zboncak", "Rosa.Spinka@hotmail.com", "(663) 863-2131");
INSERT INTO Location (LocationID, LocationAddress, LocationCityID) VALUES (3, "106 Burley Radial", 5);
INSERT INTO Vehicle (VehicleID, VehicleMake, VehicleColour, VehicleEngineSize, VehicleFuelType, VehicleTypeApproval, VehicleYearOfManufacture, VehicleDateRegistered, VehicleTaxExpires, VehicleMoTExpires) VALUES ("PA00 LGZ", "VOLVO", "RED", "3599cc", "DIESEL", "O2", "2000", "2000-03-25T15:57:18.330Z", "2016-08-02T01:27:15.726Z", "2016-01-18T21:51:51.315Z");
INSERT INTO SeizureNotice (SeizureNoticeID, TimeID, LocalAuthorityID, StationID, LocationID, VehicleID, OwnerID) VALUES (3, 3, 5, 5, 3, "PA00 LGZ", 3);
INSERT INTO Time (TimeID, TimeClockTime, TimeDayID) VALUES (4, "14:59:43", 458);
INSERT INTO Owner (OwnerID, OwnerName, OwnerEmail, OwnerPhone) VALUES (4, "Libby Harber", "Thea.Ledner@gmail.com", "035-832-9689");
INSERT INTO Location (LocationID, LocationAddress, LocationCityID) VALUES (4, "936 Ana River", 2);
INSERT INTO Vehicle (VehicleID, VehicleMake, VehicleColour, VehicleEngineSize, VehicleFuelType, VehicleTypeApproval, VehicleYearOfManufacture, VehicleDateRegistered, VehicleTaxExpires, VehicleMoTExpires) VALUES ("OO92 GLK", "METROCAB", "BLACK", "4604cc", "PETROL", "M3", "1992", "1992-01-16T22:30:50.758Z", "2016-01-25T12:21:26.374Z", "2016-12-05T05:54:06.467Z");
INSERT INTO SeizureNotice (SeizureNoticeID, TimeID, LocalAuthorityID, StationID, LocationID, VehicleID, OwnerID) VALUES (4, 4, 2, 2, 4, "OO92 GLK", 4);
INSERT INTO Time (TimeID, TimeClockTime, TimeDayID) VALUES (5, "22:27:22", 491);
INSERT INTO Owner (OwnerID, OwnerName, OwnerEmail, OwnerPhone) VALUES (5, "Sim Murray", "Edmund_Wisozk21@hotmail.com", "1-234-101-7656 x3723");
INSERT INTO Location (LocationID, LocationAddress, LocationCityID) VALUES (5, "745 Amie Village", 5);
INSERT INTO Vehicle (VehicleID, VehicleMake, VehicleColour, VehicleEngineSize, VehicleFuelType, VehicleTypeApproval, VehicleYearOfManufacture, VehicleDateRegistered, VehicleTaxExpires, VehicleMoTExpires) VALUES ("CU99 ZMS", "LAND ROVER", "SILVER", "4717cc", "HYBRID", "N2", "1999", "1999-10-04T20:45:12.062Z", "2016-09-02T15:59:09.038Z", "2016-04-29T04:18:25.999Z");
INSERT INTO SeizureNotice (SeizureNoticeID, TimeID, LocalAuthorityID, StationID, LocationID, VehicleID, OwnerID) VALUES (5, 5, 5, 5, 5, "CU99 ZMS", 5);
INSERT INTO Time (TimeID, TimeClockTime, TimeDayID) VALUES (6, "0:3:43", 217);
INSERT INTO Owner (OwnerID, OwnerName, OwnerEmail, OwnerPhone) VALUES (6, "Ellsworth Schuster", "Cali15@yahoo.com", "179.699.1143 x32448");
INSERT INTO Location (LocationID, LocationAddress, LocationCityID) VALUES (6, "1536 Little Station", 0);
INSERT INTO Vehicle (VehicleID, VehicleMake, VehicleColour, VehicleEngineSize, VehicleFuelType, VehicleTypeApproval, VehicleYearOfManufacture, VehicleDateRegistered, VehicleTaxExpires, VehicleMoTExpires) VALUES ("XK82 LOP", "ZASTAVA", "SILVER", "3026cc", "PETROL", "N2", "1982", "1982-09-02T02:53:37.318Z", "2016-08-15T04:37:52.287Z", "2016-07-24T07:02:14.012Z");
INSERT INTO SeizureNotice (SeizureNoticeID, TimeID, LocalAuthorityID, StationID, LocationID, VehicleID, OwnerID) VALUES (6, 6, 0, 0, 6, "XK82 LOP", 6);
INSERT INTO Time (TimeID, TimeClockTime, TimeDayID) VALUES (7, "1:0:5", 428);
INSERT INTO Owner (OwnerID, OwnerName, OwnerEmail, OwnerPhone) VALUES (7, "Ethel Swift", "Brandt.Bosco56@gmail.com", "(213) 866-4749");
INSERT INTO Location (LocationID, LocationAddress, LocationCityID) VALUES (7, "02467 Yasmine Plaza", 4);
INSERT INTO Vehicle (VehicleID, VehicleMake, VehicleColour, VehicleEngineSize, VehicleFuelType, VehicleTypeApproval, VehicleYearOfManufacture, VehicleDateRegistered, VehicleTaxExpires, VehicleMoTExpires) VALUES ("DQ84 KZH", "AEBI", "SILVER", "2793cc", "HYBRID", "O2", "1984", "1984-03-29T20:58:56.657Z", "2016-04-29T02:18:08.415Z", "2016-11-08T05:58:16.308Z");
INSERT INTO SeizureNotice (SeizureNoticeID, TimeID, LocalAuthorityID, StationID, LocationID, VehicleID, OwnerID) VALUES (7, 7, 4, 4, 7, "DQ84 KZH", 7);
INSERT INTO Time (TimeID, TimeClockTime, TimeDayID) VALUES (8, "4:15:50", 214);
INSERT INTO Owner (OwnerID, OwnerName, OwnerEmail, OwnerPhone) VALUES (8, "Stephen Zboncak", "Earl10@hotmail.com", "356.321.5523 x8035");
INSERT INTO Location (LocationID, LocationAddress, LocationCityID) VALUES (8, "49892 Dominic Port", 1);
INSERT INTO Vehicle (VehicleID, VehicleMake, VehicleColour, VehicleEngineSize, VehicleFuelType, VehicleTypeApproval, VehicleYearOfManufacture, VehicleDateRegistered, VehicleTaxExpires, VehicleMoTExpires) VALUES ("ML87 HXT", "FEIYING", "WHITE", "4946cc", "HYBRID", "N3", "1987", "1987-07-09T01:43:46.282Z", "2016-08-14T14:23:42.035Z", "2016-06-16T05:27:00.366Z");
INSERT INTO SeizureNotice (SeizureNoticeID, TimeID, LocalAuthorityID, StationID, LocationID, VehicleID, OwnerID) VALUES (8, 8, 1, 1, 8, "ML87 HXT", 8);
INSERT INTO Time (TimeID, TimeClockTime, TimeDayID) VALUES (9, "23:13:55", 59);
INSERT INTO Owner (OwnerID, OwnerName, OwnerEmail, OwnerPhone) VALUES (9, "Paris Ondricka", "Webster.Metz@hotmail.com", "(795) 879-5221 x63955");
INSERT INTO Location (LocationID, LocationAddress, LocationCityID) VALUES (9, "2499 Swaniawski Mountain", 5);
INSERT INTO Vehicle (VehicleID, VehicleMake, VehicleColour, VehicleEngineSize, VehicleFuelType, VehicleTypeApproval, VehicleYearOfManufacture, VehicleDateRegistered, VehicleTaxExpires, VehicleMoTExpires) VALUES ("PN92 MSS", "SHINERAY", "BLACK", "4802cc", "PETROL", "O3", "1992", "1992-03-20T00:12:40.356Z", "2016-04-05T23:26:41.571Z", "2016-12-10T17:33:27.916Z");
INSERT INTO SeizureNotice (SeizureNoticeID, TimeID, LocalAuthorityID, StationID, LocationID, VehicleID, OwnerID) VALUES (9, 9, 5, 5, 9, "PN92 MSS", 9);
INSERT INTO Time (TimeID, TimeClockTime, TimeDayID) VALUES (10, "23:45:24", 60);
INSERT INTO Owner (OwnerID, OwnerName, OwnerEmail, OwnerPhone) VALUES (10, "Nikolas Brakus", "Jacynthe52@gmail.com", "(541) 479-1255 x6789");
INSERT INTO Location (LocationID, LocationAddress, LocationCityID) VALUES (10, "33988 Mustafa Lane", 3);
INSERT INTO Vehicle (VehicleID, VehicleMake, VehicleColour, VehicleEngineSize, VehicleFuelType, VehicleTypeApproval, VehicleYearOfManufacture, VehicleDateRegistered, VehicleTaxExpires, VehicleMoTExpires) VALUES ("OM93 GOK", "JM STAR", "RED", "4577cc", "DIESEL", "N3", "1993", "1993-02-09T19:09:01.871Z", "2016-07-13T21:16:38.080Z", "2016-01-06T09:06:50.044Z");
INSERT INTO SeizureNotice (SeizureNoticeID, TimeID, LocalAuthorityID, StationID, LocationID, VehicleID, OwnerID) VALUES (10, 10, 3, 3, 10, "OM93 GOK", 10);
INSERT INTO Time (TimeID, TimeClockTime, TimeDayID) VALUES (11, "14:33:11", 276);
INSERT INTO Owner (OwnerID, OwnerName, OwnerEmail, OwnerPhone) VALUES (11, "Bianka Lind", "Hester_Goldner@gmail.com", "(625) 898-6328");
INSERT INTO Location (LocationID, LocationAddress, LocationCityID) VALUES (11, "28957 O'Reilly Street", 4);
INSERT INTO Vehicle (VehicleID, VehicleMake, VehicleColour, VehicleEngineSize, VehicleFuelType, VehicleTypeApproval, VehicleYearOfManufacture, VehicleDateRegistered, VehicleTaxExpires, VehicleMoTExpires) VALUES ("CJ98 DCB", "EBRO", "BROWN", "4247cc", "HYBRID", "N2", "1998", "1998-02-21T02:29:36.262Z", "2016-11-08T09:41:51.362Z", "2016-01-08T22:55:19.996Z");
INSERT INTO SeizureNotice (SeizureNoticeID, TimeID, LocalAuthorityID, StationID, LocationID, VehicleID, OwnerID) VALUES (11, 11, 4, 4, 11, "CJ98 DCB", 11);
INSERT INTO Time (TimeID, TimeClockTime, TimeDayID) VALUES (12, "19:19:7", 62);
INSERT INTO Owner (OwnerID, OwnerName, OwnerEmail, OwnerPhone) VALUES (12, "Mayra Kshlerin", "Josie.Hettinger86@hotmail.com", "(406) 114-6681 x4485");
INSERT INTO Location (LocationID, LocationAddress, LocationCityID) VALUES (12, "22084 Bins Extension", 5);
INSERT INTO Vehicle (VehicleID, VehicleMake, VehicleColour, VehicleEngineSize, VehicleFuelType, VehicleTypeApproval, VehicleYearOfManufacture, VehicleDateRegistered, VehicleTaxExpires, VehicleMoTExpires) VALUES ("GX93 LPG", "CROMPTON (LEYLAND)", "BLACK", "4445cc", "DIESEL", "M1", "1993", "1993-09-14T19:58:01.165Z", "2016-04-20T16:31:38.468Z", "2016-10-25T19:29:28.707Z");
INSERT INTO SeizureNotice (SeizureNoticeID, TimeID, LocalAuthorityID, StationID, LocationID, VehicleID, OwnerID) VALUES (12, 12, 5, 5, 12, "GX93 LPG", 12);
INSERT INTO Time (TimeID, TimeClockTime, TimeDayID) VALUES (13, "21:42:14", 366);
INSERT INTO Owner (OwnerID, OwnerName, OwnerEmail, OwnerPhone) VALUES (13, "Edwin O'Reilly", "Marian94@gmail.com", "(389) 189-7657 x9126");
INSERT INTO Location (LocationID, LocationAddress, LocationCityID) VALUES (13, "60838 McCullough Dale", 5);
INSERT INTO Vehicle (VehicleID, VehicleMake, VehicleColour, VehicleEngineSize, VehicleFuelType, VehicleTypeApproval, VehicleYearOfManufacture, VehicleDateRegistered, VehicleTaxExpires, VehicleMoTExpires) VALUES ("GR96 SMF", "CF MOTO", "WHITE", "3954cc", "HYBRID", "O1", "1996", "1996-10-28T21:36:19.996Z", "2016-04-21T17:56:14.072Z", "2016-02-16T17:34:59.007Z");
INSERT INTO SeizureNotice (SeizureNoticeID, TimeID, LocalAuthorityID, StationID, LocationID, VehicleID, OwnerID) VALUES (13, 13, 5, 5, 13, "GR96 SMF", 13);
INSERT INTO Time (TimeID, TimeClockTime, TimeDayID) VALUES (14, "21:36:54", 63);
INSERT INTO Owner (OwnerID, OwnerName, OwnerEmail, OwnerPhone) VALUES (14, "Liza Reynolds", "Marion.Russel64@yahoo.com", "385.594.2828 x13280");
INSERT INTO Location (LocationID, LocationAddress, LocationCityID) VALUES (14, "42805 Bahringer Prairie", 0);
INSERT INTO Vehicle (VehicleID, VehicleMake, VehicleColour, VehicleEngineSize, VehicleFuelType, VehicleTypeApproval, VehicleYearOfManufacture, VehicleDateRegistered, VehicleTaxExpires, VehicleMoTExpires) VALUES ("RR90 OMR", "NEVAL", "GREY", "4539cc", "PETROL", "O2", "1990", "1990-02-25T08:31:57.519Z", "2016-08-02T15:06:40.666Z", "2016-12-27T11:16:02.152Z");
INSERT INTO SeizureNotice (SeizureNoticeID, TimeID, LocalAuthorityID, StationID, LocationID, VehicleID, OwnerID) VALUES (14, 14, 0, 0, 14, "RR90 OMR", 14);
INSERT INTO Time (TimeID, TimeClockTime, TimeDayID) VALUES (15, "17:54:38", 455);
INSERT INTO Owner (OwnerID, OwnerName, OwnerEmail, OwnerPhone) VALUES (15, "Roy Daugherty", "Verda94@gmail.com", "1-240-924-5496 x306");
INSERT INTO Location (LocationID, LocationAddress, LocationCityID) VALUES (15, "840 Koch Junction", 5);
INSERT INTO Vehicle (VehicleID, VehicleMake, VehicleColour, VehicleEngineSize, VehicleFuelType, VehicleTypeApproval, VehicleYearOfManufacture, VehicleDateRegistered, VehicleTaxExpires, VehicleMoTExpires) VALUES ("OG91 MWW", "SEAT", "BLACK", "2905cc", "HYBRID", "M1", "1991", "1991-02-07T07:53:40.397Z", "2016-06-24T06:00:33.454Z", "2016-12-06T02:40:37.836Z");
INSERT INTO SeizureNotice (SeizureNoticeID, TimeID, LocalAuthorityID, StationID, LocationID, VehicleID, OwnerID) VALUES (15, 15, 5, 5, 15, "OG91 MWW", 15);
INSERT INTO Time (TimeID, TimeClockTime, TimeDayID) VALUES (16, "13:32:12", 396);
INSERT INTO Owner (OwnerID, OwnerName, OwnerEmail, OwnerPhone) VALUES (16, "Christine Gorczany", "Maci_Abshire@gmail.com", "(090) 336-8987 x6430");
INSERT INTO Location (LocationID, LocationAddress, LocationCityID) VALUES (16, "31342 Fay Turnpike", 4);
INSERT INTO Vehicle (VehicleID, VehicleMake, VehicleColour, VehicleEngineSize, VehicleFuelType, VehicleTypeApproval, VehicleYearOfManufacture, VehicleDateRegistered, VehicleTaxExpires, VehicleMoTExpires) VALUES ("HY00 WGW", "SKODA", "RED", "2002cc", "HYBRID", "O3", "2000", "2000-01-13T04:28:50.899Z", "2016-01-20T15:18:50.465Z", "2016-04-18T23:09:29.312Z");
INSERT INTO SeizureNotice (SeizureNoticeID, TimeID, LocalAuthorityID, StationID, LocationID, VehicleID, OwnerID) VALUES (16, 16, 4, 4, 16, "HY00 WGW", 16);
INSERT INTO Time (TimeID, TimeClockTime, TimeDayID) VALUES (17, "10:8:46", 577);
INSERT INTO Owner (OwnerID, OwnerName, OwnerEmail, OwnerPhone) VALUES (17, "Kyleigh Schuster", "Brody_Fay@yahoo.com", "313-434-9180 x3439");
INSERT INTO Location (LocationID, LocationAddress, LocationCityID) VALUES (17, "35689 Alden Knolls", 2);
INSERT INTO Vehicle (VehicleID, VehicleMake, VehicleColour, VehicleEngineSize, VehicleFuelType, VehicleTypeApproval, VehicleYearOfManufacture, VehicleDateRegistered, VehicleTaxExpires, VehicleMoTExpires) VALUES ("PS88 TNA", "ISEKI", "BLACK", "4280cc", "PETROL", "M3", "1988", "1988-03-29T00:53:52.670Z", "2016-03-22T04:42:22.724Z", "2016-09-26T18:51:38.795Z");
INSERT INTO SeizureNotice (SeizureNoticeID, TimeID, LocalAuthorityID, StationID, LocationID, VehicleID, OwnerID) VALUES (17, 17, 2, 2, 17, "PS88 TNA", 17);
INSERT INTO Time (TimeID, TimeClockTime, TimeDayID) VALUES (18, "13:0:11", 705);
INSERT INTO Owner (OwnerID, OwnerName, OwnerEmail, OwnerPhone) VALUES (18, "Fannie Prosacco", "Ross_Greenholt@gmail.com", "936.260.2949");
INSERT INTO Location (LocationID, LocationAddress, LocationCityID) VALUES (18, "74523 Medhurst Landing", 3);
INSERT INTO Vehicle (VehicleID, VehicleMake, VehicleColour, VehicleEngineSize, VehicleFuelType, VehicleTypeApproval, VehicleYearOfManufacture, VehicleDateRegistered, VehicleTaxExpires, VehicleMoTExpires) VALUES ("EV84 LMA", "RENEGADE", "BLACK", "1626cc", "PETROL", "O3", "1984", "1984-11-17T09:30:06.708Z", "2016-06-26T04:10:23.727Z", "2016-10-08T22:10:02.450Z");
INSERT INTO SeizureNotice (SeizureNoticeID, TimeID, LocalAuthorityID, StationID, LocationID, VehicleID, OwnerID) VALUES (18, 18, 3, 3, 18, "EV84 LMA", 18);
INSERT INTO Time (TimeID, TimeClockTime, TimeDayID) VALUES (19, "19:8:32", 276);
INSERT INTO Owner (OwnerID, OwnerName, OwnerEmail, OwnerPhone) VALUES (19, "Meta Little", "Curtis43@gmail.com", "631.397.0543 x54484");
INSERT INTO Location (LocationID, LocationAddress, LocationCityID) VALUES (19, "3469 Benedict Groves", 2);
INSERT INTO Vehicle (VehicleID, VehicleMake, VehicleColour, VehicleEngineSize, VehicleFuelType, VehicleTypeApproval, VehicleYearOfManufacture, VehicleDateRegistered, VehicleTaxExpires, VehicleMoTExpires) VALUES ("KT95 HES", "MANET", "RED", "2859cc", "HYBRID", "O3", "1995", "1995-04-20T19:16:45.537Z", "2016-08-13T09:58:46.556Z", "2016-12-13T07:32:57.692Z");
INSERT INTO SeizureNotice (SeizureNoticeID, TimeID, LocalAuthorityID, StationID, LocationID, VehicleID, OwnerID) VALUES (19, 19, 2, 2, 19, "KT95 HES", 19);
INSERT INTO Time (TimeID, TimeClockTime, TimeDayID) VALUES (20, "2:57:23", 213);
INSERT INTO Owner (OwnerID, OwnerName, OwnerEmail, OwnerPhone) VALUES (20, "Elton Kohler", "Bertrand_Larkin57@gmail.com", "(830) 898-3995 x348");
INSERT INTO Location (LocationID, LocationAddress, LocationCityID) VALUES (20, "677 Ottis Track", 1);
INSERT INTO Vehicle (VehicleID, VehicleMake, VehicleColour, VehicleEngineSize, VehicleFuelType, VehicleTypeApproval, VehicleYearOfManufacture, VehicleDateRegistered, VehicleTaxExpires, VehicleMoTExpires) VALUES ("NW88 ETF", "MOTO ZETA", "BLACK", "4805cc", "PETROL", "O3", "1988", "1988-03-21T15:04:25.408Z", "2016-02-15T12:50:52.995Z", "2016-03-03T13:05:20.667Z");
INSERT INTO SeizureNotice (SeizureNoticeID, TimeID, LocalAuthorityID, StationID, LocationID, VehicleID, OwnerID) VALUES (20, 20, 1, 1, 20, "NW88 ETF", 20);
INSERT INTO Time (TimeID, TimeClockTime, TimeDayID) VALUES (21, "19:14:9", 368);
INSERT INTO Owner (OwnerID, OwnerName, OwnerEmail, OwnerPhone) VALUES (21, "Frederic Cole", "Mylene_Jast@yahoo.com", "(539) 613-1449");
INSERT INTO Location (LocationID, LocationAddress, LocationCityID) VALUES (21, "79306 Lyda Parkways", 5);
INSERT INTO Vehicle (VehicleID, VehicleMake, VehicleColour, VehicleEngineSize, VehicleFuelType, VehicleTypeApproval, VehicleYearOfManufacture, VehicleDateRegistered, VehicleTaxExpires, VehicleMoTExpires) VALUES ("NI84 NEN", "DAYUN", "BLACK", "4908cc", "HYBRID", "N3", "1984", "1984-01-11T04:48:19.656Z", "2016-05-19T21:20:09.904Z", "2016-02-19T14:42:12.446Z");
INSERT INTO SeizureNotice (SeizureNoticeID, TimeID, LocalAuthorityID, StationID, LocationID, VehicleID, OwnerID) VALUES (21, 21, 5, 5, 21, "NI84 NEN", 21);
INSERT INTO Time (TimeID, TimeClockTime, TimeDayID) VALUES (22, "16:42:11", 644);
INSERT INTO Owner (OwnerID, OwnerName, OwnerEmail, OwnerPhone) VALUES (22, "Nathen McLaughlin", "Deion.Feeney83@hotmail.com", "(082) 531-1369");
INSERT INTO Location (LocationID, LocationAddress, LocationCityID) VALUES (22, "5246 Grant Crossing", 4);
INSERT INTO Vehicle (VehicleID, VehicleMake, VehicleColour, VehicleEngineSize, VehicleFuelType, VehicleTypeApproval, VehicleYearOfManufacture, VehicleDateRegistered, VehicleTaxExpires, VehicleMoTExpires) VALUES ("YG83 LJM", "BAJAJ", "BLACK", "2079cc", "HYBRID", "N2", "1983", "1983-04-17T03:38:31.785Z", "2016-01-08T23:49:01.993Z", "2016-10-30T05:41:16.643Z");
INSERT INTO SeizureNotice (SeizureNoticeID, TimeID, LocalAuthorityID, StationID, LocationID, VehicleID, OwnerID) VALUES (22, 22, 4, 4, 22, "YG83 LJM", 22);
INSERT INTO Time (TimeID, TimeClockTime, TimeDayID) VALUES (23, "5:14:56", 549);
INSERT INTO Owner (OwnerID, OwnerName, OwnerEmail, OwnerPhone) VALUES (23, "Alia Kuphal", "Asa_Mayert91@hotmail.com", "1-176-492-5667 x711");
INSERT INTO Location (LocationID, LocationAddress, LocationCityID) VALUES (23, "640 Olen Mountains", 3);
INSERT INTO Vehicle (VehicleID, VehicleMake, VehicleColour, VehicleEngineSize, VehicleFuelType, VehicleTypeApproval, VehicleYearOfManufacture, VehicleDateRegistered, VehicleTaxExpires, VehicleMoTExpires) VALUES ("PH88 SCX", "CECTEK", "BROWN", "3824cc", "HYBRID", "O3", "1988", "1988-08-25T22:07:31.369Z", "2016-10-27T11:28:49.235Z", "2016-11-19T00:41:00.053Z");
INSERT INTO SeizureNotice (SeizureNoticeID, TimeID, LocalAuthorityID, StationID, LocationID, VehicleID, OwnerID) VALUES (23, 23, 3, 3, 23, "PH88 SCX", 23);
INSERT INTO Time (TimeID, TimeClockTime, TimeDayID) VALUES (24, "2:4:34", 426);
INSERT INTO Owner (OwnerID, OwnerName, OwnerEmail, OwnerPhone) VALUES (24, "Jessie Brown", "Lauryn_Bogan@gmail.com", "780.522.9690 x96911");
INSERT INTO Location (LocationID, LocationAddress, LocationCityID) VALUES (24, "4434 Willms Coves", 1);
INSERT INTO Vehicle (VehicleID, VehicleMake, VehicleColour, VehicleEngineSize, VehicleFuelType, VehicleTypeApproval, VehicleYearOfManufacture, VehicleDateRegistered, VehicleTaxExpires, VehicleMoTExpires) VALUES ("MB91 POE", "LONGJIA", "BROWN", "3248cc", "DIESEL", "O1", "1991", "1991-11-22T05:53:38.630Z", "2016-05-15T19:45:46.750Z", "2016-05-24T06:58:21.011Z");
INSERT INTO SeizureNotice (SeizureNoticeID, TimeID, LocalAuthorityID, StationID, LocationID, VehicleID, OwnerID) VALUES (24, 24, 1, 1, 24, "MB91 POE", 24);
INSERT INTO Time (TimeID, TimeClockTime, TimeDayID) VALUES (25, "23:46:33", 182);
INSERT INTO Owner (OwnerID, OwnerName, OwnerEmail, OwnerPhone) VALUES (25, "Bonita Kiehn", "Melvin.Larson83@yahoo.com", "251.790.5268 x8108");
INSERT INTO Location (LocationID, LocationAddress, LocationCityID) VALUES (25, "9781 Baylee Roads", 0);
INSERT INTO Vehicle (VehicleID, VehicleMake, VehicleColour, VehicleEngineSize, VehicleFuelType, VehicleTypeApproval, VehicleYearOfManufacture, VehicleDateRegistered, VehicleTaxExpires, VehicleMoTExpires) VALUES ("LL87 CGK", "FORDSON", "GREY", "1413cc", "PETROL", "M2", "1987", "1987-11-20T11:10:02.588Z", "2016-12-05T23:17:55.655Z", "2016-06-12T12:59:23.000Z");
INSERT INTO SeizureNotice (SeizureNoticeID, TimeID, LocalAuthorityID, StationID, LocationID, VehicleID, OwnerID) VALUES (25, 25, 0, 0, 25, "LL87 CGK", 25);
INSERT INTO Time (TimeID, TimeClockTime, TimeDayID) VALUES (26, "2:42:58", 274);
INSERT INTO Owner (OwnerID, OwnerName, OwnerEmail, OwnerPhone) VALUES (26, "Irwin Padberg", "Pearl_McKenzie52@yahoo.com", "132-145-6727 x8327");
INSERT INTO Location (LocationID, LocationAddress, LocationCityID) VALUES (26, "6799 Grady Trail", 1);
INSERT INTO Vehicle (VehicleID, VehicleMake, VehicleColour, VehicleEngineSize, VehicleFuelType, VehicleTypeApproval, VehicleYearOfManufacture, VehicleDateRegistered, VehicleTaxExpires, VehicleMoTExpires) VALUES ("LY88 LNA", "CHUNLAN", "RED", "2977cc", "PETROL", "O1", "1988", "1988-06-25T06:01:30.842Z", "2016-05-21T18:32:38.556Z", "2016-03-06T02:45:45.379Z");
INSERT INTO SeizureNotice (SeizureNoticeID, TimeID, LocalAuthorityID, StationID, LocationID, VehicleID, OwnerID) VALUES (26, 26, 1, 1, 26, "LY88 LNA", 26);
INSERT INTO Time (TimeID, TimeClockTime, TimeDayID) VALUES (27, "5:30:36", 430);
INSERT INTO Owner (OwnerID, OwnerName, OwnerEmail, OwnerPhone) VALUES (27, "Bella Mertz", "Santiago.Harber8@gmail.com", "1-845-383-6942");
INSERT INTO Location (LocationID, LocationAddress, LocationCityID) VALUES (27, "751 Reichert Ridges", 0);
INSERT INTO Vehicle (VehicleID, VehicleMake, VehicleColour, VehicleEngineSize, VehicleFuelType, VehicleTypeApproval, VehicleYearOfManufacture, VehicleDateRegistered, VehicleTaxExpires, VehicleMoTExpires) VALUES ("DT98 RVK", "DODGE (USA)", "BLACK", "1908cc", "DIESEL", "M2", "1998", "1998-10-01T08:32:18.385Z", "2016-09-07T20:11:43.384Z", "2016-11-23T11:17:38.599Z");
INSERT INTO SeizureNotice (SeizureNoticeID, TimeID, LocalAuthorityID, StationID, LocationID, VehicleID, OwnerID) VALUES (27, 27, 0, 0, 27, "DT98 RVK", 27);
INSERT INTO Time (TimeID, TimeClockTime, TimeDayID) VALUES (28, "13:28:22", 65);
INSERT INTO Owner (OwnerID, OwnerName, OwnerEmail, OwnerPhone) VALUES (28, "Hunter Buckridge", "Allene_Gerlach@hotmail.com", "(586) 605-5846 x921");
INSERT INTO Location (LocationID, LocationAddress, LocationCityID) VALUES (28, "18438 Quigley Spring", 1);
INSERT INTO Vehicle (VehicleID, VehicleMake, VehicleColour, VehicleEngineSize, VehicleFuelType, VehicleTypeApproval, VehicleYearOfManufacture, VehicleDateRegistered, VehicleTaxExpires, VehicleMoTExpires) VALUES ("NB93 HYX", "FYM", "RED", "3250cc", "DIESEL", "N2", "1993", "1993-09-11T00:37:38.750Z", "2016-01-21T13:04:42.683Z", "2016-10-15T21:29:34.021Z");
INSERT INTO SeizureNotice (SeizureNoticeID, TimeID, LocalAuthorityID, StationID, LocationID, VehicleID, OwnerID) VALUES (28, 28, 1, 1, 28, "NB93 HYX", 28);
INSERT INTO Time (TimeID, TimeClockTime, TimeDayID) VALUES (29, "21:38:26", 63);
INSERT INTO Owner (OwnerID, OwnerName, OwnerEmail, OwnerPhone) VALUES (29, "Gladyce Mueller", "Jeffrey.Cummerata@hotmail.com", "769-983-8504");
INSERT INTO Location (LocationID, LocationAddress, LocationCityID) VALUES (29, "812 Langworth Greens", 4);
INSERT INTO Vehicle (VehicleID, VehicleMake, VehicleColour, VehicleEngineSize, VehicleFuelType, VehicleTypeApproval, VehicleYearOfManufacture, VehicleDateRegistered, VehicleTaxExpires, VehicleMoTExpires) VALUES ("AA93 ANB", "TAM", "RED", "4509cc", "HYBRID", "M2", "1993", "1993-12-21T13:29:25.134Z", "2016-12-11T19:57:25.515Z", "2016-03-20T13:19:43.117Z");
INSERT INTO SeizureNotice (SeizureNoticeID, TimeID, LocalAuthorityID, StationID, LocationID, VehicleID, OwnerID) VALUES (29, 29, 4, 4, 29, "AA93 ANB", 29);
INSERT INTO Time (TimeID, TimeClockTime, TimeDayID) VALUES (30, "2:24:37", 120);
INSERT INTO Owner (OwnerID, OwnerName, OwnerEmail, OwnerPhone) VALUES (30, "Estell Hintz", "Bernadette84@hotmail.com", "572.270.9666");
INSERT INTO Location (LocationID, LocationAddress, LocationCityID) VALUES (30, "9336 Yadira Hills", 5);
INSERT INTO Vehicle (VehicleID, VehicleMake, VehicleColour, VehicleEngineSize, VehicleFuelType, VehicleTypeApproval, VehicleYearOfManufacture, VehicleDateRegistered, VehicleTaxExpires, VehicleMoTExpires) VALUES ("GF89 UJZ", "MITSUBISHI FUSO", "BLACK", "1775cc", "PETROL", "N1", "1989", "1989-03-13T14:17:45.905Z", "2016-04-17T17:31:34.121Z", "2016-09-04T12:44:58.828Z");
INSERT INTO SeizureNotice (SeizureNoticeID, TimeID, LocalAuthorityID, StationID, LocationID, VehicleID, OwnerID) VALUES (30, 30, 5, 5, 30, "GF89 UJZ", 30);
INSERT INTO Time (TimeID, TimeClockTime, TimeDayID) VALUES (31, "4:9:24", 121);
INSERT INTO Owner (OwnerID, OwnerName, OwnerEmail, OwnerPhone) VALUES (31, "Talon Thiel", "Percy52@yahoo.com", "1-932-035-4490 x3041");
INSERT INTO Location (LocationID, LocationAddress, LocationCityID) VALUES (31, "7519 Roob Greens", 3);
INSERT INTO Vehicle (VehicleID, VehicleMake, VehicleColour, VehicleEngineSize, VehicleFuelType, VehicleTypeApproval, VehicleYearOfManufacture, VehicleDateRegistered, VehicleTaxExpires, VehicleMoTExpires) VALUES ("LJ99 EBX", "ALFA ROMEO", "BLUE", "1365cc", "PETROL", "N3", "1999", "1999-02-19T19:30:18.090Z", "2016-04-21T04:32:40.734Z", "2016-08-23T01:58:49.234Z");
INSERT INTO SeizureNotice (SeizureNoticeID, TimeID, LocalAuthorityID, StationID, LocationID, VehicleID, OwnerID) VALUES (31, 31, 3, 3, 31, "LJ99 EBX", 31);
INSERT INTO Time (TimeID, TimeClockTime, TimeDayID) VALUES (32, "12:6:0", 153);
INSERT INTO Owner (OwnerID, OwnerName, OwnerEmail, OwnerPhone) VALUES (32, "Conor Ratke", "Elmore.Emmerich@gmail.com", "528.539.5571 x3937");
INSERT INTO Location (LocationID, LocationAddress, LocationCityID) VALUES (32, "1238 Chester Wells", 1);
INSERT INTO Vehicle (VehicleID, VehicleMake, VehicleColour, VehicleEngineSize, VehicleFuelType, VehicleTypeApproval, VehicleYearOfManufacture, VehicleDateRegistered, VehicleTaxExpires, VehicleMoTExpires) VALUES ("SO93 LYG", "QUADZILLA", "BROWN", "2524cc", "HYBRID", "M3", "1993", "1993-09-08T12:09:06.943Z", "2016-11-10T22:04:55.188Z", "2016-04-27T03:25:10.753Z");
INSERT INTO SeizureNotice (SeizureNoticeID, TimeID, LocalAuthorityID, StationID, LocationID, VehicleID, OwnerID) VALUES (32, 32, 1, 1, 32, "SO93 LYG", 32);
INSERT INTO Time (TimeID, TimeClockTime, TimeDayID) VALUES (33, "17:55:31", 337);
INSERT INTO Owner (OwnerID, OwnerName, OwnerEmail, OwnerPhone) VALUES (33, "Jane Lowe", "Rashad10@gmail.com", "1-985-472-7771 x49614");
INSERT INTO Location (LocationID, LocationAddress, LocationCityID) VALUES (33, "088 Green Well", 1);
INSERT INTO Vehicle (VehicleID, VehicleMake, VehicleColour, VehicleEngineSize, VehicleFuelType, VehicleTypeApproval, VehicleYearOfManufacture, VehicleDateRegistered, VehicleTaxExpires, VehicleMoTExpires) VALUES ("RU93 CXC", "LIEBHERR", "BROWN", "3494cc", "DIESEL", "M2", "1993", "1993-07-18T11:59:04.281Z", "2016-03-25T11:07:51.306Z", "2016-04-17T21:56:25.971Z");
INSERT INTO SeizureNotice (SeizureNoticeID, TimeID, LocalAuthorityID, StationID, LocationID, VehicleID, OwnerID) VALUES (33, 33, 1, 1, 33, "RU93 CXC", 33);
INSERT INTO Time (TimeID, TimeClockTime, TimeDayID) VALUES (34, "10:57:57", 551);
INSERT INTO Owner (OwnerID, OwnerName, OwnerEmail, OwnerPhone) VALUES (34, "Lilyan Pollich", "Annabell19@hotmail.com", "066.865.8023");
INSERT INTO Location (LocationID, LocationAddress, LocationCityID) VALUES (34, "87616 Montana Road", 4);
INSERT INTO Vehicle (VehicleID, VehicleMake, VehicleColour, VehicleEngineSize, VehicleFuelType, VehicleTypeApproval, VehicleYearOfManufacture, VehicleDateRegistered, VehicleTaxExpires, VehicleMoTExpires) VALUES ("XC89 DZE", "SUBARU", "SILVER", "1715cc", "PETROL", "M2", "1989", "1989-04-09T07:28:50.127Z", "2016-09-04T19:11:02.891Z", "2016-07-27T05:26:22.484Z");
INSERT INTO SeizureNotice (SeizureNoticeID, TimeID, LocalAuthorityID, StationID, LocationID, VehicleID, OwnerID) VALUES (34, 34, 4, 4, 34, "XC89 DZE", 34);
INSERT INTO Time (TimeID, TimeClockTime, TimeDayID) VALUES (35, "0:10:31", 304);
INSERT INTO Owner (OwnerID, OwnerName, OwnerEmail, OwnerPhone) VALUES (35, "Ramon Marvin", "Ettie.Gerlach10@yahoo.com", "147-347-3640 x4691");
INSERT INTO Location (LocationID, LocationAddress, LocationCityID) VALUES (35, "13926 Henriette Walk", 2);
INSERT INTO Vehicle (VehicleID, VehicleMake, VehicleColour, VehicleEngineSize, VehicleFuelType, VehicleTypeApproval, VehicleYearOfManufacture, VehicleDateRegistered, VehicleTaxExpires, VehicleMoTExpires) VALUES ("NB90 NHP", "GRINNALL", "BLACK", "4910cc", "HYBRID", "N3", "1990", "1990-06-21T04:55:41.739Z", "2016-05-17T22:08:25.932Z", "2016-02-05T10:07:15.422Z");
INSERT INTO SeizureNotice (SeizureNoticeID, TimeID, LocalAuthorityID, StationID, LocationID, VehicleID, OwnerID) VALUES (35, 35, 2, 2, 35, "NB90 NHP", 35);
INSERT INTO Time (TimeID, TimeClockTime, TimeDayID) VALUES (36, "4:13:40", 457);
INSERT INTO Owner (OwnerID, OwnerName, OwnerEmail, OwnerPhone) VALUES (36, "Braxton Crooks", "Rahul_Heller@yahoo.com", "705-731-3114 x6071");
INSERT INTO Location (LocationID, LocationAddress, LocationCityID) VALUES (36, "838 Schiller Shoal", 2);
INSERT INTO Vehicle (VehicleID, VehicleMake, VehicleColour, VehicleEngineSize, VehicleFuelType, VehicleTypeApproval, VehicleYearOfManufacture, VehicleDateRegistered, VehicleTaxExpires, VehicleMoTExpires) VALUES ("LP94 OPF", "NFM", "RED", "1077cc", "PETROL", "N2", "1994", "1994-10-06T05:00:09.902Z", "2016-08-29T18:33:54.693Z", "2016-12-16T15:48:04.198Z");
INSERT INTO SeizureNotice (SeizureNoticeID, TimeID, LocalAuthorityID, StationID, LocationID, VehicleID, OwnerID) VALUES (36, 36, 2, 2, 36, "LP94 OPF", 36);
INSERT INTO Time (TimeID, TimeClockTime, TimeDayID) VALUES (37, "10:53:0", 548);
INSERT INTO Owner (OwnerID, OwnerName, OwnerEmail, OwnerPhone) VALUES (37, "Ruth Hahn", "Emelie8@hotmail.com", "955.756.2981 x28621");
INSERT INTO Location (LocationID, LocationAddress, LocationCityID) VALUES (37, "110 Maribel Courts", 5);
INSERT INTO Vehicle (VehicleID, VehicleMake, VehicleColour, VehicleEngineSize, VehicleFuelType, VehicleTypeApproval, VehicleYearOfManufacture, VehicleDateRegistered, VehicleTaxExpires, VehicleMoTExpires) VALUES ("YK01 ZOA", "MERLO", "SILVER", "4507cc", "PETROL", "M2", "2001", "2001-06-25T18:54:19.094Z", "2016-08-12T16:54:31.903Z", "2016-10-22T21:13:04.989Z");
INSERT INTO SeizureNotice (SeizureNoticeID, TimeID, LocalAuthorityID, StationID, LocationID, VehicleID, OwnerID) VALUES (37, 37, 5, 5, 37, "YK01 ZOA", 37);
INSERT INTO Time (TimeID, TimeClockTime, TimeDayID) VALUES (38, "17:12:53", 276);
INSERT INTO Owner (OwnerID, OwnerName, OwnerEmail, OwnerPhone) VALUES (38, "Libbie Pacocha", "Aron14@hotmail.com", "290.539.5417 x329");
INSERT INTO Location (LocationID, LocationAddress, LocationCityID) VALUES (38, "99614 Moore Fields", 5);
INSERT INTO Vehicle (VehicleID, VehicleMake, VehicleColour, VehicleEngineSize, VehicleFuelType, VehicleTypeApproval, VehicleYearOfManufacture, VehicleDateRegistered, VehicleTaxExpires, VehicleMoTExpires) VALUES ("RT99 FAL", "PENTA", "SILVER", "4445cc", "DIESEL", "N3", "1999", "1999-06-10T22:33:44.465Z", "2016-11-18T05:08:41.726Z", "2016-07-07T13:08:18.006Z");
INSERT INTO SeizureNotice (SeizureNoticeID, TimeID, LocalAuthorityID, StationID, LocationID, VehicleID, OwnerID) VALUES (38, 38, 5, 5, 38, "RT99 FAL", 38);
INSERT INTO Time (TimeID, TimeClockTime, TimeDayID) VALUES (39, "0:31:51", 489);
INSERT INTO Owner (OwnerID, OwnerName, OwnerEmail, OwnerPhone) VALUES (39, "Ardella Howell", "Sibyl.Batz@yahoo.com", "459-016-1226 x72592");
INSERT INTO Location (LocationID, LocationAddress, LocationCityID) VALUES (39, "584 Ara Parkways", 4);
INSERT INTO Vehicle (VehicleID, VehicleMake, VehicleColour, VehicleEngineSize, VehicleFuelType, VehicleTypeApproval, VehicleYearOfManufacture, VehicleDateRegistered, VehicleTaxExpires, VehicleMoTExpires) VALUES ("SM97 DBJ", "BRANSON", "BLACK", "4965cc", "HYBRID", "O1", "1997", "1997-10-25T18:34:33.287Z", "2016-09-25T13:54:39.011Z", "2016-02-17T14:04:42.862Z");
INSERT INTO SeizureNotice (SeizureNoticeID, TimeID, LocalAuthorityID, StationID, LocationID, VehicleID, OwnerID) VALUES (39, 39, 4, 4, 39, "SM97 DBJ", 39);
INSERT INTO Time (TimeID, TimeClockTime, TimeDayID) VALUES (40, "15:4:6", 334);
INSERT INTO Owner (OwnerID, OwnerName, OwnerEmail, OwnerPhone) VALUES (40, "Rosanna Zulauf", "Isai_Bauch@yahoo.com", "1-142-362-5973 x808");
INSERT INTO Location (LocationID, LocationAddress, LocationCityID) VALUES (40, "368 Leffler Dale", 4);
INSERT INTO Vehicle (VehicleID, VehicleMake, VehicleColour, VehicleEngineSize, VehicleFuelType, VehicleTypeApproval, VehicleYearOfManufacture, VehicleDateRegistered, VehicleTaxExpires, VehicleMoTExpires) VALUES ("MD85 YFE", "NUFFIELD", "BROWN", "1548cc", "DIESEL", "M3", "1985", "1985-02-03T04:24:25.739Z", "2016-05-06T01:47:41.532Z", "2016-08-01T20:50:19.285Z");
INSERT INTO SeizureNotice (SeizureNoticeID, TimeID, LocalAuthorityID, StationID, LocationID, VehicleID, OwnerID) VALUES (40, 40, 4, 4, 40, "MD85 YFE", 40);
INSERT INTO Time (TimeID, TimeClockTime, TimeDayID) VALUES (41, "6:54:38", 4);
INSERT INTO Owner (OwnerID, OwnerName, OwnerEmail, OwnerPhone) VALUES (41, "Monte Carter", "Bonnie_Quitzon1@hotmail.com", "071-218-7924 x81420");
INSERT INTO Location (LocationID, LocationAddress, LocationCityID) VALUES (41, "39961 Maci Shore", 4);
INSERT INTO Vehicle (VehicleID, VehicleMake, VehicleColour, VehicleEngineSize, VehicleFuelType, VehicleTypeApproval, VehicleYearOfManufacture, VehicleDateRegistered, VehicleTaxExpires, VehicleMoTExpires) VALUES ("OX01 ZLK", "HONCHING", "WHITE", "4665cc", "HYBRID", "M1", "2001", "2001-12-06T22:45:11.467Z", "2016-10-31T05:16:48.525Z", "2016-08-24T00:56:12.040Z");
INSERT INTO SeizureNotice (SeizureNoticeID, TimeID, LocalAuthorityID, StationID, LocationID, VehicleID, OwnerID) VALUES (41, 41, 4, 4, 41, "OX01 ZLK", 41);
INSERT INTO Time (TimeID, TimeClockTime, TimeDayID) VALUES (42, "20:23:30", 217);
INSERT INTO Owner (OwnerID, OwnerName, OwnerEmail, OwnerPhone) VALUES (42, "Eileen Hirthe", "Einar.Rempel@hotmail.com", "(692) 193-7479");
INSERT INTO Location (LocationID, LocationAddress, LocationCityID) VALUES (42, "86925 Padberg Isle", 2);
INSERT INTO Vehicle (VehicleID, VehicleMake, VehicleColour, VehicleEngineSize, VehicleFuelType, VehicleTypeApproval, VehicleYearOfManufacture, VehicleDateRegistered, VehicleTaxExpires, VehicleMoTExpires) VALUES ("LU95 KWA", "YAMATI", "BLACK", "1657cc", "PETROL", "M2", "1995", "1995-03-05T22:20:15.558Z", "2016-02-07T09:10:06.559Z", "2016-06-25T22:40:20.011Z");
INSERT INTO SeizureNotice (SeizureNoticeID, TimeID, LocalAuthorityID, StationID, LocationID, VehicleID, OwnerID) VALUES (42, 42, 2, 2, 42, "LU95 KWA", 42);
INSERT INTO Time (TimeID, TimeClockTime, TimeDayID) VALUES (43, "19:1:11", 370);
INSERT INTO Owner (OwnerID, OwnerName, OwnerEmail, OwnerPhone) VALUES (43, "Dana Howell", "Lawrence_Harris60@hotmail.com", "1-082-701-7061 x1143");
INSERT INTO Location (LocationID, LocationAddress, LocationCityID) VALUES (43, "5477 Theresa Club", 0);
INSERT INTO Vehicle (VehicleID, VehicleMake, VehicleColour, VehicleEngineSize, VehicleFuelType, VehicleTypeApproval, VehicleYearOfManufacture, VehicleDateRegistered, VehicleTaxExpires, VehicleMoTExpires) VALUES ("CI92 DMT", "YAMOTO", "BROWN", "4937cc", "PETROL", "M1", "1992", "1992-07-26T10:53:20.881Z", "2016-01-19T10:38:14.890Z", "2016-01-22T15:27:01.003Z");
INSERT INTO SeizureNotice (SeizureNoticeID, TimeID, LocalAuthorityID, StationID, LocationID, VehicleID, OwnerID) VALUES (43, 43, 0, 0, 43, "CI92 DMT", 43);
INSERT INTO Time (TimeID, TimeClockTime, TimeDayID) VALUES (44, "1:20:21", 36);
INSERT INTO Owner (OwnerID, OwnerName, OwnerEmail, OwnerPhone) VALUES (44, "Chelsea Franecki", "Charles_Moen49@yahoo.com", "(018) 362-0741");
INSERT INTO Location (LocationID, LocationAddress, LocationCityID) VALUES (44, "315 Harber Rest", 0);
INSERT INTO Vehicle (VehicleID, VehicleMake, VehicleColour, VehicleEngineSize, VehicleFuelType, VehicleTypeApproval, VehicleYearOfManufacture, VehicleDateRegistered, VehicleTaxExpires, VehicleMoTExpires) VALUES ("AY86 NPC", "ASTON MARTIN", "SILVER", "3971cc", "HYBRID", "N2", "1986", "1986-06-10T20:26:01.105Z", "2016-07-01T20:38:53.185Z", "2016-09-06T20:01:02.025Z");
INSERT INTO SeizureNotice (SeizureNoticeID, TimeID, LocalAuthorityID, StationID, LocationID, VehicleID, OwnerID) VALUES (44, 44, 0, 0, 44, "AY86 NPC", 44);
INSERT INTO Time (TimeID, TimeClockTime, TimeDayID) VALUES (45, "17:12:57", 1);
INSERT INTO Owner (OwnerID, OwnerName, OwnerEmail, OwnerPhone) VALUES (45, "Jerrold Padberg", "Perry_Beer79@gmail.com", "034.675.0053");
INSERT INTO Location (LocationID, LocationAddress, LocationCityID) VALUES (45, "78190 Ryann Springs", 4);
INSERT INTO Vehicle (VehicleID, VehicleMake, VehicleColour, VehicleEngineSize, VehicleFuelType, VehicleTypeApproval, VehicleYearOfManufacture, VehicleDateRegistered, VehicleTaxExpires, VehicleMoTExpires) VALUES ("OJ90 BVN", "SUNBEAM", "RED", "1348cc", "PETROL", "N3", "1990", "1990-05-30T13:53:34.332Z", "2016-10-07T23:58:53.900Z", "2016-07-19T21:26:07.905Z");
INSERT INTO SeizureNotice (SeizureNoticeID, TimeID, LocalAuthorityID, StationID, LocationID, VehicleID, OwnerID) VALUES (45, 45, 4, 4, 45, "OJ90 BVN", 45);
INSERT INTO Time (TimeID, TimeClockTime, TimeDayID) VALUES (46, "21:13:34", 703);
INSERT INTO Owner (OwnerID, OwnerName, OwnerEmail, OwnerPhone) VALUES (46, "Shyann Grant", "Alejandrin.Predovic@hotmail.com", "545-626-8650 x91780");
INSERT INTO Location (LocationID, LocationAddress, LocationCityID) VALUES (46, "7056 Hunter Walks", 5);
INSERT INTO Vehicle (VehicleID, VehicleMake, VehicleColour, VehicleEngineSize, VehicleFuelType, VehicleTypeApproval, VehicleYearOfManufacture, VehicleDateRegistered, VehicleTaxExpires, VehicleMoTExpires) VALUES ("WC84 EUK", "UMM", "RED", "4533cc", "HYBRID", "N3", "1984", "1984-11-25T19:45:59.222Z", "2016-08-22T11:35:08.561Z", "2016-09-18T07:49:01.967Z");
INSERT INTO SeizureNotice (SeizureNoticeID, TimeID, LocalAuthorityID, StationID, LocationID, VehicleID, OwnerID) VALUES (46, 46, 5, 5, 46, "WC84 EUK", 46);
INSERT INTO Time (TimeID, TimeClockTime, TimeDayID) VALUES (47, "5:17:48", 338);
INSERT INTO Owner (OwnerID, OwnerName, OwnerEmail, OwnerPhone) VALUES (47, "Benny Considine", "Stefan38@hotmail.com", "1-270-366-6190");
INSERT INTO Location (LocationID, LocationAddress, LocationCityID) VALUES (47, "5588 Sauer Lodge", 2);
INSERT INTO Vehicle (VehicleID, VehicleMake, VehicleColour, VehicleEngineSize, VehicleFuelType, VehicleTypeApproval, VehicleYearOfManufacture, VehicleDateRegistered, VehicleTaxExpires, VehicleMoTExpires) VALUES ("SK91 TXA", "JUNGHEINRICH", "BROWN", "2783cc", "HYBRID", "O1", "1991", "1991-01-20T22:33:41.828Z", "2016-01-05T03:51:16.681Z", "2016-08-23T00:16:04.343Z");
INSERT INTO SeizureNotice (SeizureNoticeID, TimeID, LocalAuthorityID, StationID, LocationID, VehicleID, OwnerID) VALUES (47, 47, 2, 2, 47, "SK91 TXA", 47);
INSERT INTO Time (TimeID, TimeClockTime, TimeDayID) VALUES (48, "23:2:41", 214);
INSERT INTO Owner (OwnerID, OwnerName, OwnerEmail, OwnerPhone) VALUES (48, "Alex Heller", "Genesis9@hotmail.com", "(350) 834-9973");
INSERT INTO Location (LocationID, LocationAddress, LocationCityID) VALUES (48, "3558 Leffler Mission", 4);
INSERT INTO Vehicle (VehicleID, VehicleMake, VehicleColour, VehicleEngineSize, VehicleFuelType, VehicleTypeApproval, VehicleYearOfManufacture, VehicleDateRegistered, VehicleTaxExpires, VehicleMoTExpires) VALUES ("MD86 OGJ", "AUTOSAN", "SILVER", "1671cc", "DIESEL", "N3", "1986", "1986-06-17T17:17:47.326Z", "2016-06-03T21:04:35.482Z", "2016-07-02T06:13:02.250Z");
INSERT INTO SeizureNotice (SeizureNoticeID, TimeID, LocalAuthorityID, StationID, LocationID, VehicleID, OwnerID) VALUES (48, 48, 4, 4, 48, "MD86 OGJ", 48);
INSERT INTO Time (TimeID, TimeClockTime, TimeDayID) VALUES (49, "7:9:18", 65);
INSERT INTO Owner (OwnerID, OwnerName, OwnerEmail, OwnerPhone) VALUES (49, "Sandrine Moen", "Bonnie54@gmail.com", "406-696-8685");
INSERT INTO Location (LocationID, LocationAddress, LocationCityID) VALUES (49, "887 Waino Pass", 5);
INSERT INTO Vehicle (VehicleID, VehicleMake, VehicleColour, VehicleEngineSize, VehicleFuelType, VehicleTypeApproval, VehicleYearOfManufacture, VehicleDateRegistered, VehicleTaxExpires, VehicleMoTExpires) VALUES ("BW83 CTG", "HER CHE", "RED", "2677cc", "HYBRID", "O2", "1983", "1983-05-02T21:10:37.155Z", "2016-08-17T23:55:48.465Z", "2016-03-24T12:38:00.492Z");
INSERT INTO SeizureNotice (SeizureNoticeID, TimeID, LocalAuthorityID, StationID, LocationID, VehicleID, OwnerID) VALUES (49, 49, 5, 5, 49, "BW83 CTG", 49);
